-- phpMyAdmin SQL Dump
-- version 4.7.0
-- https://www.phpmyadmin.net/
--
-- Host: 127.0.0.1
-- Generation Time: Jul 04, 2017 at 03:05 AM
-- Server version: 10.1.22-MariaDB
-- PHP Version: 7.1.4

SET SQL_MODE = "NO_AUTO_VALUE_ON_ZERO";
SET AUTOCOMMIT = 0;
START TRANSACTION;
SET time_zone = "+00:00";


/*!40101 SET @OLD_CHARACTER_SET_CLIENT=@@CHARACTER_SET_CLIENT */;
/*!40101 SET @OLD_CHARACTER_SET_RESULTS=@@CHARACTER_SET_RESULTS */;
/*!40101 SET @OLD_COLLATION_CONNECTION=@@COLLATION_CONNECTION */;
/*!40101 SET NAMES utf8mb4 */;

--
-- Database: `polling`
--

-- --------------------------------------------------------

--
-- Table structure for table `divisi`
--

CREATE TABLE `divisi` (
  `id_divisi` int(11) NOT NULL,
  `nama_divisi` varchar(255) NOT NULL
) ENGINE=InnoDB DEFAULT CHARSET=latin1;

--
-- Dumping data for table `divisi`
--

INSERT INTO `divisi` (`id_divisi`, `nama_divisi`) VALUES
(1, 'Pengukuran'),
(2, 'Penetapan Hak'),
(3, 'Pengecekan dan Layanan Online'),
(4, 'Layanan Tanpa Surat Kuasa'),
(5, 'Balik Nama'),
(6, 'Pengakuan Hak dan Peningkatan Hak atas Tanah'),
(7, 'Hak Tanggungan dan Roya'),
(8, 'Penyerahan Sertifikat');

-- --------------------------------------------------------

--
-- Table structure for table `kepuasan`
--

CREATE TABLE `kepuasan` (
  `id_kepuasan` int(11) NOT NULL,
  `id_user` int(11) NOT NULL,
  `id_response` int(11) NOT NULL,
  `datetime` datetime NOT NULL
) ENGINE=InnoDB DEFAULT CHARSET=latin1 ROW_FORMAT=COMPACT;

--
-- Dumping data for table `kepuasan`
--

INSERT INTO `kepuasan` (`id_kepuasan`, `id_user`, `id_response`, `datetime`) VALUES
(115, 2, 3, '2017-06-21 03:22:28'),
(116, 2, 1, '2017-06-21 03:41:08'),
(117, 2, 2, '2017-06-21 03:41:11'),
(118, 2, 3, '2017-06-21 03:41:15'),
(119, 2, 4, '2017-06-21 03:41:19'),
(120, 3, 1, '2017-06-21 03:41:39'),
(121, 3, 2, '2017-06-21 03:41:42'),
(122, 3, 3, '2017-06-21 03:41:46'),
(123, 3, 4, '2017-06-21 03:41:49'),
(124, 4, 1, '2017-06-21 03:42:35'),
(125, 4, 2, '2017-06-21 03:42:42'),
(126, 4, 3, '2017-06-21 03:42:45'),
(127, 4, 4, '2017-06-21 03:42:49'),
(128, 7, 1, '2017-06-21 03:43:23'),
(129, 7, 2, '2017-06-21 03:43:30'),
(130, 7, 3, '2017-06-21 03:43:34'),
(131, 7, 4, '2017-06-21 03:43:38'),
(132, 8, 1, '2017-06-21 03:44:07'),
(133, 8, 2, '2017-06-21 03:44:11'),
(134, 8, 3, '2017-06-21 03:44:15'),
(135, 8, 4, '2017-06-21 03:44:18'),
(136, 9, 1, '2017-06-21 03:44:30'),
(137, 9, 2, '2017-06-21 03:44:34'),
(138, 9, 3, '2017-06-21 03:44:37'),
(139, 9, 4, '2017-06-21 03:44:40'),
(140, 10, 1, '2017-06-21 03:44:54'),
(141, 10, 2, '2017-06-21 03:44:58'),
(142, 10, 3, '2017-06-21 03:45:01'),
(143, 10, 4, '2017-06-21 03:45:05'),
(144, 6, 1, '2017-06-21 03:47:58'),
(145, 6, 2, '2017-06-21 03:48:01'),
(146, 6, 3, '2017-06-21 03:48:04'),
(147, 6, 4, '2017-06-21 03:48:08'),
(148, 2, 4, '2017-06-25 17:28:45'),
(149, 2, 4, '2017-06-25 17:28:49'),
(150, 3, 4, '2017-06-25 17:29:23'),
(151, 3, 3, '2017-06-25 17:29:27'),
(152, 3, 2, '2017-06-25 17:29:32'),
(153, 3, 1, '2017-06-25 17:29:37'),
(154, 2, 1, '2017-06-25 17:42:46'),
(155, 2, 2, '2017-06-25 17:42:50'),
(156, 2, 3, '2017-06-25 17:42:54'),
(157, 2, 4, '2017-06-25 17:42:59'),
(158, 6, 3, '2017-06-25 17:50:03'),
(159, 6, 2, '2017-06-25 17:50:11'),
(160, 2, 2, '2017-06-28 15:34:03'),
(161, 3, 2, '2017-07-01 21:32:23'),
(162, 3, 4, '2017-07-01 21:32:27'),
(163, 9, 2, '2017-07-01 21:50:05'),
(164, 9, 1, '2017-07-01 21:50:10'),
(165, 2, 1, '2017-07-02 02:53:06'),
(166, 2, 2, '2017-07-02 02:53:10'),
(167, 2, 4, '2017-07-02 02:53:15'),
(168, 2, 3, '2017-06-01 03:22:28'),
(169, 2, 1, '2017-06-01 03:41:08'),
(170, 2, 2, '2017-06-01 03:41:11'),
(171, 2, 3, '2017-06-01 03:41:15'),
(172, 2, 4, '2017-06-01 03:41:19'),
(173, 3, 1, '2017-06-01 03:41:39'),
(174, 3, 2, '2017-06-01 03:41:42'),
(175, 3, 3, '2017-06-01 03:41:46'),
(176, 3, 4, '2017-06-01 03:41:49'),
(177, 4, 1, '2017-06-01 03:42:35'),
(178, 4, 2, '2017-06-01 03:42:42'),
(179, 4, 3, '2017-06-01 03:42:45'),
(180, 4, 4, '2017-06-01 03:42:49'),
(181, 7, 1, '2017-06-01 03:43:23'),
(182, 7, 2, '2017-06-01 03:43:30'),
(183, 7, 3, '2017-06-01 03:43:34'),
(184, 7, 4, '2017-06-01 03:43:38'),
(185, 8, 1, '2017-06-01 03:44:07'),
(186, 8, 2, '2017-06-01 03:44:11'),
(187, 8, 3, '2017-06-01 03:44:15'),
(188, 8, 4, '2017-06-01 03:44:18'),
(189, 9, 1, '2017-06-01 03:44:30'),
(190, 9, 2, '2017-06-01 03:44:34'),
(191, 9, 3, '2017-06-01 03:44:37'),
(192, 9, 4, '2017-06-01 03:44:40'),
(193, 10, 1, '2017-06-01 03:44:54'),
(194, 10, 2, '2017-06-01 03:44:58'),
(195, 10, 3, '2017-06-01 03:45:01'),
(196, 10, 4, '2017-06-01 03:45:05'),
(197, 6, 1, '2017-06-01 03:47:58'),
(198, 6, 2, '2017-06-01 03:48:01'),
(199, 6, 3, '2017-06-01 03:48:04'),
(200, 6, 4, '2017-06-01 03:48:08'),
(201, 2, 4, '2017-06-02 17:28:45'),
(202, 2, 4, '2017-06-02 17:28:49'),
(203, 3, 4, '2017-06-02 17:29:23'),
(204, 3, 3, '2017-06-02 17:29:27'),
(205, 3, 2, '2017-06-02 17:29:32'),
(206, 3, 1, '2017-06-02 17:29:37'),
(207, 2, 1, '2017-06-02 17:42:46'),
(208, 2, 2, '2017-06-02 17:42:50'),
(209, 2, 3, '2017-06-02 17:42:54'),
(210, 2, 4, '2017-06-02 17:42:59'),
(211, 6, 3, '2017-06-02 17:50:03'),
(212, 6, 2, '2017-06-02 17:50:11'),
(213, 2, 2, '2017-06-02 15:34:03'),
(214, 3, 2, '2017-06-02 21:32:23'),
(215, 3, 4, '2017-06-02 21:32:27'),
(216, 9, 2, '2017-06-02 21:50:05'),
(217, 9, 1, '2017-06-02 21:50:10'),
(218, 2, 1, '2017-06-02 02:53:06'),
(219, 2, 2, '2017-06-02 02:53:10'),
(220, 2, 4, '2017-06-02 02:53:15'),
(221, 2, 3, '2017-06-03 03:22:28'),
(222, 2, 1, '2017-06-03 03:41:08'),
(223, 2, 2, '2017-06-03 03:41:11'),
(224, 2, 3, '2017-06-03 03:41:15'),
(225, 2, 2, '2017-06-03 03:41:19'),
(226, 3, 1, '2017-06-03 03:41:39'),
(227, 3, 2, '2017-06-03 03:41:42'),
(228, 3, 3, '2017-06-03 03:41:46'),
(229, 3, 3, '2017-06-03 03:41:49'),
(230, 4, 1, '2017-06-03 03:42:35'),
(231, 4, 2, '2017-06-03 03:42:42'),
(232, 4, 3, '2017-06-03 03:42:45'),
(233, 4, 3, '2017-06-03 03:42:49'),
(234, 7, 1, '2017-06-03 03:43:23'),
(235, 7, 2, '2017-06-03 03:43:30'),
(236, 7, 3, '2017-06-03 03:43:34'),
(237, 7, 2, '2017-06-03 03:43:38'),
(238, 8, 1, '2017-06-03 03:44:07'),
(239, 8, 2, '2017-06-03 03:44:11'),
(240, 8, 3, '2017-06-03 03:44:15'),
(241, 8, 1, '2017-06-03 03:44:18'),
(242, 9, 1, '2017-06-03 03:44:30'),
(243, 9, 2, '2017-06-03 03:44:34'),
(244, 9, 3, '2017-06-03 03:44:37'),
(245, 9, 1, '2017-06-03 03:44:40'),
(246, 10, 1, '2017-06-03 03:44:54'),
(247, 10, 2, '2017-06-03 03:44:58'),
(248, 10, 3, '2017-06-03 03:45:01'),
(249, 10, 2, '2017-06-03 03:45:05'),
(250, 6, 1, '2017-06-03 03:47:58'),
(251, 6, 2, '2017-06-03 03:48:01'),
(252, 6, 3, '2017-06-03 03:48:04'),
(253, 6, 1, '2017-06-03 03:48:08'),
(254, 2, 3, '2017-06-03 17:28:45'),
(255, 2, 3, '2017-06-03 17:28:49'),
(256, 3, 2, '2017-06-03 17:29:23'),
(257, 3, 3, '2017-06-03 17:29:27'),
(258, 3, 2, '2017-06-03 17:29:32'),
(259, 3, 1, '2017-06-03 17:29:37'),
(260, 2, 1, '2017-06-03 17:42:46'),
(261, 2, 2, '2017-06-03 17:42:50'),
(262, 2, 3, '2017-06-03 17:42:54'),
(263, 2, 2, '2017-06-03 17:42:59'),
(264, 6, 3, '2017-06-03 17:50:03'),
(265, 6, 2, '2017-06-03 17:50:11'),
(266, 2, 2, '2017-06-03 15:34:03'),
(267, 3, 2, '2017-06-03 21:32:23'),
(268, 3, 2, '2017-06-03 21:32:27'),
(269, 9, 2, '2017-06-03 21:50:05'),
(270, 9, 1, '2017-06-03 21:50:10'),
(271, 2, 1, '2017-06-03 02:53:06'),
(272, 2, 2, '2017-06-03 02:53:10'),
(273, 2, 2, '2017-06-03 02:53:15'),
(274, 4, 3, '2017-06-04 03:22:28'),
(275, 4, 1, '2017-06-04 03:41:08'),
(276, 2, 2, '2017-06-04 03:41:11'),
(277, 4, 3, '2017-06-04 03:41:15'),
(278, 4, 2, '2017-06-04 03:41:19'),
(279, 3, 1, '2017-06-04 03:41:39'),
(280, 3, 2, '2017-06-04 03:41:42'),
(281, 3, 3, '2017-06-04 03:41:46'),
(282, 3, 3, '2017-06-04 03:41:49'),
(283, 4, 1, '2017-06-04 03:42:35'),
(284, 4, 2, '2017-06-04 03:42:42'),
(285, 4, 3, '2017-06-04 03:42:45'),
(286, 4, 3, '2017-06-04 03:42:49'),
(287, 7, 1, '2017-06-04 03:43:23'),
(288, 7, 2, '2017-06-04 03:43:30'),
(289, 7, 3, '2017-06-04 03:43:34'),
(290, 7, 2, '2017-06-04 03:43:38'),
(291, 8, 1, '2017-06-04 03:44:07'),
(292, 8, 2, '2017-06-04 03:44:11'),
(293, 8, 3, '2017-06-04 03:44:15'),
(294, 8, 1, '2017-06-04 03:44:18'),
(295, 9, 1, '2017-06-04 03:44:30'),
(296, 9, 2, '2017-06-04 03:44:34'),
(297, 9, 3, '2017-06-04 03:44:37'),
(298, 9, 1, '2017-06-04 03:44:40'),
(299, 10, 1, '2017-06-04 03:44:54'),
(300, 10, 2, '2017-06-04 03:44:58'),
(301, 10, 3, '2017-06-04 03:45:01'),
(302, 10, 2, '2017-06-04 03:45:05'),
(303, 6, 1, '2017-06-04 03:47:58'),
(304, 6, 2, '2017-06-04 03:48:01'),
(305, 6, 3, '2017-06-04 03:48:04'),
(306, 6, 1, '2017-06-04 03:48:08'),
(307, 2, 3, '2017-06-04 17:28:45'),
(308, 4, 3, '2017-06-04 17:28:49'),
(309, 3, 2, '2017-06-04 17:29:23'),
(310, 3, 3, '2017-06-04 17:29:27'),
(311, 3, 2, '2017-06-04 17:29:32'),
(312, 3, 1, '2017-06-04 17:29:37'),
(313, 2, 1, '2017-06-04 17:42:46'),
(314, 2, 2, '2017-06-04 17:42:50'),
(315, 2, 3, '2017-06-04 17:42:54'),
(316, 2, 2, '2017-06-04 17:42:59'),
(317, 6, 3, '2017-06-04 17:50:03'),
(318, 6, 2, '2017-06-04 17:50:11'),
(319, 2, 2, '2017-06-04 15:34:03'),
(320, 3, 2, '2017-06-04 21:32:23'),
(321, 3, 2, '2017-06-04 21:32:27'),
(322, 9, 2, '2017-06-04 21:50:05'),
(323, 9, 1, '2017-06-04 21:50:10'),
(324, 2, 1, '2017-06-04 02:53:06'),
(325, 4, 2, '2017-06-04 02:53:10'),
(326, 2, 2, '2017-06-04 02:53:15'),
(327, 7, 3, '2017-06-04 03:22:28'),
(328, 6, 1, '2017-06-04 03:41:08'),
(329, 6, 2, '2017-06-04 03:41:11'),
(330, 7, 3, '2017-06-04 03:41:15'),
(331, 6, 2, '2017-06-04 03:41:19'),
(332, 7, 1, '2017-06-04 03:41:39'),
(333, 3, 2, '2017-06-04 03:41:42'),
(334, 3, 3, '2017-06-04 03:41:46'),
(335, 3, 3, '2017-06-04 03:41:49'),
(336, 4, 1, '2017-06-04 03:42:35'),
(337, 4, 2, '2017-06-04 03:42:42'),
(338, 4, 3, '2017-06-04 03:42:45'),
(339, 4, 3, '2017-06-04 03:42:49'),
(340, 7, 1, '2017-06-04 03:43:23'),
(341, 7, 2, '2017-06-04 03:43:30'),
(342, 7, 3, '2017-06-04 03:43:34'),
(343, 7, 2, '2017-06-04 03:43:38'),
(344, 8, 1, '2017-06-04 03:44:07'),
(345, 8, 2, '2017-06-04 03:44:11'),
(346, 8, 3, '2017-06-04 03:44:15'),
(347, 8, 1, '2017-06-04 03:44:18'),
(348, 9, 1, '2017-06-04 03:44:30'),
(349, 9, 2, '2017-06-04 03:44:34'),
(350, 9, 3, '2017-06-04 03:44:37'),
(351, 9, 1, '2017-06-04 03:44:40'),
(352, 10, 1, '2017-06-04 03:44:54'),
(353, 10, 2, '2017-06-04 03:44:58'),
(354, 10, 3, '2017-06-04 03:45:01'),
(355, 10, 2, '2017-06-04 03:45:05'),
(356, 6, 1, '2017-06-04 03:47:58'),
(357, 6, 2, '2017-06-04 03:48:01'),
(358, 6, 3, '2017-06-04 03:48:04'),
(359, 6, 1, '2017-06-04 03:48:08'),
(360, 6, 3, '2017-06-04 17:28:45'),
(361, 7, 3, '2017-06-04 17:28:49'),
(362, 3, 2, '2017-06-04 17:29:23'),
(363, 3, 3, '2017-06-04 17:29:27'),
(364, 3, 2, '2017-06-04 17:29:32'),
(365, 3, 1, '2017-06-04 17:29:37'),
(366, 7, 1, '2017-06-04 17:42:46'),
(367, 6, 2, '2017-06-04 17:42:50'),
(368, 7, 3, '2017-06-04 17:42:54'),
(369, 6, 2, '2017-06-04 17:42:59'),
(370, 6, 3, '2017-06-04 17:50:03'),
(371, 6, 2, '2017-06-04 17:50:11'),
(372, 2, 2, '2017-06-04 15:34:03'),
(373, 3, 2, '2017-06-04 21:32:23'),
(374, 3, 2, '2017-06-04 21:32:27'),
(375, 9, 2, '2017-06-04 21:50:05'),
(376, 9, 1, '2017-06-04 21:50:10'),
(377, 6, 1, '2017-06-04 02:53:06'),
(378, 7, 2, '2017-06-04 02:53:10'),
(379, 7, 2, '2017-06-04 02:53:15'),
(380, 6, 3, '2017-06-05 03:22:28'),
(381, 7, 1, '2017-06-05 03:41:08'),
(382, 7, 2, '2017-06-05 03:41:11'),
(383, 6, 3, '2017-06-05 03:41:15'),
(384, 7, 2, '2017-06-05 03:41:19'),
(385, 6, 1, '2017-06-05 03:41:39'),
(386, 3, 2, '2017-06-05 03:41:42'),
(387, 3, 3, '2017-06-05 03:41:46'),
(388, 3, 3, '2017-06-05 03:41:49'),
(389, 4, 1, '2017-06-05 03:42:35'),
(390, 4, 2, '2017-06-05 03:42:42'),
(391, 4, 3, '2017-06-05 03:42:45'),
(392, 4, 3, '2017-06-05 03:42:49'),
(393, 6, 1, '2017-06-05 03:43:23'),
(394, 6, 2, '2017-06-05 03:43:30'),
(395, 6, 3, '2017-06-05 03:43:34'),
(396, 6, 2, '2017-06-05 03:43:38'),
(397, 8, 1, '2017-06-05 03:44:07'),
(398, 8, 2, '2017-06-05 03:44:11'),
(399, 8, 3, '2017-06-05 03:44:15'),
(400, 8, 1, '2017-06-05 03:44:18'),
(401, 9, 1, '2017-06-05 03:44:30'),
(402, 9, 2, '2017-06-05 03:44:34'),
(403, 9, 3, '2017-06-05 03:44:37'),
(404, 9, 1, '2017-06-05 03:44:40'),
(405, 10, 1, '2017-06-05 03:44:54'),
(406, 10, 2, '2017-06-05 03:44:58'),
(407, 10, 3, '2017-06-05 03:45:01'),
(408, 10, 2, '2017-06-05 03:45:05'),
(409, 6, 1, '2017-06-05 03:47:58'),
(410, 7, 2, '2017-06-05 03:48:01'),
(411, 7, 3, '2017-06-05 03:48:04'),
(412, 6, 1, '2017-06-05 03:48:08'),
(413, 7, 3, '2017-06-05 17:28:45'),
(414, 6, 3, '2017-06-05 17:28:49'),
(415, 3, 2, '2017-06-05 17:29:23'),
(416, 3, 3, '2017-06-05 17:29:27'),
(417, 3, 2, '2017-06-05 17:29:32'),
(418, 3, 1, '2017-06-05 17:29:37'),
(419, 6, 1, '2017-06-05 17:42:46'),
(420, 7, 2, '2017-06-05 17:42:50'),
(421, 6, 3, '2017-06-05 17:42:54'),
(422, 6, 2, '2017-06-05 17:42:59'),
(423, 6, 3, '2017-06-05 17:50:03'),
(424, 6, 2, '2017-06-05 17:50:11'),
(425, 6, 2, '2017-06-05 15:34:03'),
(426, 3, 2, '2017-06-05 21:32:23'),
(427, 3, 2, '2017-06-05 21:32:27'),
(428, 9, 2, '2017-06-05 21:50:05'),
(429, 9, 1, '2017-06-05 21:50:10'),
(430, 7, 1, '2017-06-05 02:53:06'),
(431, 6, 2, '2017-06-05 02:53:10'),
(432, 7, 2, '2017-06-05 02:53:15'),
(433, 6, 3, '2017-06-06 03:22:28'),
(434, 7, 1, '2017-06-06 03:41:08'),
(435, 7, 2, '2017-06-06 03:41:11'),
(436, 6, 3, '2017-06-06 03:41:15'),
(437, 7, 2, '2017-06-06 03:41:19'),
(438, 6, 1, '2017-06-06 03:41:39'),
(439, 3, 2, '2017-06-06 03:41:42'),
(440, 3, 3, '2017-06-06 03:41:46'),
(441, 3, 3, '2017-06-06 03:41:49'),
(442, 4, 1, '2017-06-06 03:42:35'),
(443, 4, 2, '2017-06-06 03:42:42'),
(444, 4, 3, '2017-06-06 03:42:45'),
(445, 4, 3, '2017-06-06 03:42:49'),
(446, 6, 1, '2017-06-06 03:43:23'),
(447, 6, 2, '2017-06-06 03:43:30'),
(448, 6, 3, '2017-06-06 03:43:34'),
(449, 6, 2, '2017-06-06 03:43:38'),
(450, 8, 1, '2017-06-06 03:44:07'),
(451, 8, 2, '2017-06-06 03:44:11'),
(452, 8, 3, '2017-06-06 03:44:15'),
(453, 8, 1, '2017-06-06 03:44:18'),
(454, 9, 1, '2017-06-06 03:44:30'),
(455, 9, 2, '2017-06-06 03:44:34'),
(456, 9, 3, '2017-06-06 03:44:37'),
(457, 9, 1, '2017-06-06 03:44:40'),
(458, 10, 1, '2017-06-06 03:44:54'),
(459, 10, 2, '2017-06-06 03:44:58'),
(460, 10, 3, '2017-06-06 03:45:01'),
(461, 10, 2, '2017-06-06 03:45:05'),
(462, 6, 1, '2017-06-06 03:47:58'),
(463, 7, 2, '2017-06-06 03:48:01'),
(464, 7, 3, '2017-06-06 03:48:04'),
(465, 6, 1, '2017-06-06 03:48:08'),
(466, 7, 3, '2017-06-06 17:28:45'),
(467, 6, 3, '2017-06-06 17:28:49'),
(468, 3, 2, '2017-06-06 17:29:23'),
(469, 3, 3, '2017-06-06 17:29:27'),
(470, 3, 2, '2017-06-06 17:29:32'),
(471, 3, 1, '2017-06-06 17:29:37'),
(472, 6, 1, '2017-06-06 17:42:46'),
(473, 7, 2, '2017-06-06 17:42:50'),
(474, 6, 3, '2017-06-06 17:42:54'),
(475, 6, 2, '2017-06-06 17:42:59'),
(476, 6, 3, '2017-06-06 17:50:03'),
(477, 6, 2, '2017-06-06 17:50:11'),
(478, 6, 2, '2017-06-06 15:34:03'),
(479, 3, 2, '2017-06-06 21:32:23'),
(480, 3, 2, '2017-06-06 21:32:27'),
(481, 9, 2, '2017-06-06 21:50:05'),
(482, 9, 1, '2017-06-06 21:50:10'),
(483, 7, 1, '2017-06-06 02:53:06'),
(484, 6, 2, '2017-06-06 02:53:10'),
(485, 7, 2, '2017-06-06 02:53:15'),
(486, 6, 3, '2017-06-07 03:22:28'),
(487, 7, 1, '2017-06-07 03:41:08'),
(488, 7, 2, '2017-06-07 03:41:11'),
(489, 6, 3, '2017-06-07 03:41:15'),
(490, 7, 2, '2017-06-07 03:41:19'),
(491, 6, 1, '2017-06-07 03:41:39'),
(492, 3, 2, '2017-06-07 03:41:42'),
(493, 3, 3, '2017-06-07 03:41:46'),
(494, 3, 3, '2017-06-07 03:41:49'),
(495, 4, 1, '2017-06-07 03:42:35'),
(496, 4, 2, '2017-06-07 03:42:42'),
(497, 4, 3, '2017-06-07 03:42:45'),
(498, 4, 3, '2017-06-07 03:42:49'),
(499, 6, 1, '2017-06-07 03:43:23'),
(500, 6, 2, '2017-06-07 03:43:30'),
(501, 6, 3, '2017-06-07 03:43:34'),
(502, 6, 2, '2017-06-07 03:43:38'),
(503, 8, 1, '2017-06-07 03:44:07'),
(504, 8, 2, '2017-06-07 03:44:11'),
(505, 8, 3, '2017-06-07 03:44:15'),
(506, 8, 1, '2017-06-07 03:44:18'),
(507, 9, 1, '2017-06-07 03:44:30'),
(508, 9, 2, '2017-06-07 03:44:34'),
(509, 9, 3, '2017-06-07 03:44:37'),
(510, 9, 1, '2017-06-07 03:44:40'),
(511, 10, 1, '2017-06-07 03:44:54'),
(512, 10, 2, '2017-06-07 03:44:58'),
(513, 10, 3, '2017-06-07 03:45:01'),
(514, 10, 2, '2017-06-07 03:45:05'),
(515, 6, 1, '2017-06-07 03:47:58'),
(516, 7, 2, '2017-06-07 03:48:01'),
(517, 7, 3, '2017-06-07 03:48:04'),
(518, 6, 1, '2017-06-07 03:48:08'),
(519, 7, 3, '2017-06-07 17:28:45'),
(520, 6, 3, '2017-06-07 17:28:49'),
(521, 3, 2, '2017-06-07 17:29:23'),
(522, 3, 3, '2017-06-07 17:29:27'),
(523, 3, 2, '2017-06-07 17:29:32'),
(524, 3, 1, '2017-06-07 17:29:37'),
(525, 6, 1, '2017-06-07 17:42:46'),
(526, 7, 2, '2017-06-07 17:42:50'),
(527, 6, 3, '2017-06-07 17:42:54'),
(528, 6, 2, '2017-06-05 17:42:59'),
(529, 6, 3, '2017-06-07 17:50:03'),
(530, 6, 2, '2017-06-07 17:50:11'),
(531, 6, 2, '2017-06-07 15:34:03'),
(532, 3, 2, '2017-06-07 21:32:23'),
(533, 3, 2, '2017-06-07 21:32:27'),
(534, 9, 2, '2017-06-07 21:50:05'),
(535, 9, 1, '2017-06-07 21:50:10'),
(536, 7, 1, '2017-06-07 02:53:06'),
(537, 6, 2, '2017-06-07 02:53:10'),
(538, 7, 2, '2017-06-07 02:53:15'),
(539, 6, 3, '2017-06-08 03:22:28'),
(540, 7, 1, '2017-06-08 03:41:08'),
(541, 7, 2, '2017-06-08 03:41:11'),
(542, 6, 3, '2017-06-08 03:41:15'),
(543, 7, 2, '2017-06-08 03:41:19'),
(544, 6, 1, '2017-06-08 03:41:39'),
(545, 3, 2, '2017-06-08 03:41:42'),
(546, 3, 3, '2017-06-08 03:41:46'),
(547, 3, 3, '2017-06-08 03:41:49'),
(548, 4, 1, '2017-06-08 03:42:35'),
(549, 4, 2, '2017-06-08 03:42:42'),
(550, 4, 3, '2017-06-08 03:42:45'),
(551, 4, 3, '2017-06-08 03:42:49'),
(552, 6, 1, '2017-06-08 03:43:23'),
(553, 6, 2, '2017-06-08 03:43:30'),
(554, 6, 3, '2017-06-08 03:43:34'),
(555, 6, 2, '2017-06-08 03:43:38'),
(556, 8, 1, '2017-06-08 03:44:07'),
(557, 8, 2, '2017-06-08 03:44:11'),
(558, 8, 3, '2017-06-08 03:44:15'),
(559, 8, 1, '2017-06-08 03:44:18'),
(560, 9, 1, '2017-06-08 03:44:30'),
(561, 9, 2, '2017-06-08 03:44:34'),
(562, 9, 3, '2017-06-08 03:44:37'),
(563, 9, 1, '2017-06-08 03:44:40'),
(564, 10, 1, '2017-06-08 03:44:54'),
(565, 10, 2, '2017-06-08 03:44:58'),
(566, 10, 3, '2017-06-08 03:45:01'),
(567, 10, 2, '2017-06-08 03:45:05'),
(568, 6, 1, '2017-06-08 03:47:58'),
(569, 7, 2, '2017-06-08 03:48:01'),
(570, 7, 3, '2017-06-08 03:48:04'),
(571, 6, 1, '2017-06-08 03:48:08'),
(572, 7, 3, '2017-06-08 17:28:45'),
(573, 6, 3, '2017-06-08 17:28:49'),
(574, 3, 2, '2017-06-08 17:29:23'),
(575, 3, 3, '2017-06-08 17:29:27'),
(576, 3, 2, '2017-06-08 17:29:32'),
(577, 3, 1, '2017-06-08 17:29:37'),
(578, 6, 1, '2017-06-08 17:42:46'),
(579, 7, 2, '2017-06-08 17:42:50'),
(580, 6, 3, '2017-06-08 17:42:54'),
(581, 6, 2, '2017-06-08 17:42:59'),
(582, 6, 3, '2017-06-08 17:50:03'),
(583, 6, 2, '2017-06-08 17:50:11'),
(584, 6, 2, '2017-06-08 15:34:03'),
(585, 3, 2, '2017-06-08 21:32:23'),
(586, 3, 2, '2017-06-08 21:32:27'),
(587, 9, 2, '2017-06-08 21:50:05'),
(588, 9, 1, '2017-06-08 21:50:10'),
(589, 7, 1, '2017-06-08 02:53:06'),
(590, 6, 2, '2017-06-08 02:53:10'),
(591, 7, 2, '2017-06-08 02:53:15'),
(592, 6, 3, '2017-06-09 03:22:28'),
(593, 7, 1, '2017-06-09 03:41:08'),
(594, 7, 2, '2017-06-09 03:41:11'),
(595, 6, 3, '2017-06-09 03:41:15'),
(596, 7, 2, '2017-06-09 03:41:19'),
(597, 6, 1, '2017-06-09 03:41:39'),
(598, 3, 2, '2017-06-09 03:41:42'),
(599, 3, 3, '2017-06-09 03:41:46'),
(600, 3, 3, '2017-06-09 03:41:49'),
(601, 4, 1, '2017-06-09 03:42:35'),
(602, 4, 2, '2017-06-09 03:42:42'),
(603, 4, 3, '2017-06-09 03:42:45'),
(604, 4, 3, '2017-06-09 03:42:49'),
(605, 6, 1, '2017-06-09 03:43:23'),
(606, 6, 2, '2017-06-09 03:43:30'),
(607, 6, 3, '2017-06-09 03:43:34'),
(608, 6, 2, '2017-06-09 03:43:38'),
(609, 8, 1, '2017-06-09 03:44:07'),
(610, 8, 2, '2017-06-09 03:44:11'),
(611, 8, 3, '2017-06-09 03:44:15'),
(612, 8, 1, '2017-06-09 03:44:18'),
(613, 9, 1, '2017-06-09 03:44:30'),
(614, 9, 2, '2017-06-09 03:44:34'),
(615, 9, 3, '2017-06-09 03:44:37'),
(616, 9, 1, '2017-06-09 03:44:40'),
(617, 10, 1, '2017-06-09 03:44:54'),
(618, 10, 2, '2017-06-09 03:44:58'),
(619, 10, 3, '2017-06-09 03:45:01'),
(620, 10, 2, '2017-06-09 03:45:05'),
(621, 6, 1, '2017-06-09 03:47:58'),
(622, 7, 2, '2017-06-09 03:48:01'),
(623, 7, 3, '2017-06-09 03:48:04'),
(624, 6, 1, '2017-06-09 03:48:08'),
(625, 7, 3, '2017-06-09 17:28:45'),
(626, 6, 3, '2017-06-09 17:28:49'),
(627, 3, 2, '2017-06-09 17:29:23'),
(628, 3, 3, '2017-06-09 17:29:27'),
(629, 3, 2, '2017-06-09 17:29:32'),
(630, 3, 1, '2017-06-09 17:29:37'),
(631, 6, 1, '2017-06-09 17:42:46'),
(632, 7, 2, '2017-06-09 17:42:50'),
(633, 6, 3, '2017-06-09 17:42:54'),
(634, 6, 2, '2017-06-09 17:42:59'),
(635, 6, 3, '2017-06-09 17:50:03'),
(636, 6, 2, '2017-06-09 17:50:11'),
(637, 6, 2, '2017-06-09 15:34:03'),
(638, 3, 2, '2017-06-09 21:32:23'),
(639, 3, 2, '2017-06-09 21:32:27'),
(640, 9, 2, '2017-06-09 21:50:05'),
(641, 9, 1, '2017-06-09 21:50:10'),
(642, 7, 1, '2017-06-09 02:53:06'),
(643, 6, 2, '2017-06-09 02:53:10'),
(644, 7, 2, '2017-06-09 02:53:15'),
(645, 6, 3, '2017-06-10 03:22:28'),
(646, 7, 1, '2017-06-10 03:41:08'),
(647, 7, 2, '2017-06-10 03:41:11'),
(648, 6, 3, '2017-06-10 03:41:15'),
(649, 7, 2, '2017-06-10 03:41:19'),
(650, 6, 1, '2017-06-10 03:41:39'),
(651, 3, 2, '2017-06-10 03:41:42'),
(652, 3, 3, '2017-06-10 03:41:46'),
(653, 3, 3, '2017-06-10 03:41:49'),
(654, 4, 1, '2017-06-10 03:42:35'),
(655, 4, 2, '2017-06-10 03:42:42'),
(656, 4, 3, '2017-06-10 03:42:45'),
(657, 4, 3, '2017-06-10 03:42:49'),
(658, 6, 1, '2017-06-10 03:43:23'),
(659, 6, 2, '2017-06-10 03:43:30'),
(660, 6, 3, '2017-06-10 03:43:34'),
(661, 6, 2, '2017-06-10 03:43:38'),
(662, 8, 1, '2017-06-10 03:44:07'),
(663, 8, 2, '2017-06-10 03:44:11'),
(664, 8, 3, '2017-06-10 03:44:15'),
(665, 8, 1, '2017-06-10 03:44:18'),
(666, 9, 1, '2017-06-10 03:44:30'),
(667, 9, 2, '2017-06-10 03:44:34'),
(668, 9, 3, '2017-06-10 03:44:37'),
(669, 9, 1, '2017-06-10 03:44:40'),
(670, 10, 1, '2017-06-10 09:00:00'),
(671, 10, 2, '2017-06-10 03:44:58'),
(672, 10, 3, '2017-06-10 03:45:01'),
(673, 10, 2, '2017-06-10 03:45:05'),
(674, 6, 1, '2017-06-10 03:47:58'),
(675, 7, 2, '2017-06-10 03:48:01'),
(676, 7, 3, '2017-06-10 03:48:04'),
(677, 6, 1, '2017-06-10 03:48:08'),
(678, 7, 3, '2017-06-10 17:28:45'),
(679, 6, 3, '2017-06-10 17:28:49'),
(680, 3, 2, '2017-06-10 17:29:23'),
(681, 3, 3, '2017-06-10 17:29:27'),
(682, 3, 2, '2017-06-10 17:29:32'),
(683, 3, 1, '2017-06-10 17:29:37'),
(684, 6, 1, '2017-06-10 17:42:46'),
(685, 7, 2, '2017-06-10 17:42:50'),
(686, 6, 3, '2017-06-10 17:42:54'),
(687, 6, 2, '2017-06-10 17:42:59'),
(688, 6, 3, '2017-06-10 17:50:03'),
(689, 6, 2, '2017-06-10 17:50:11'),
(690, 6, 2, '2017-06-10 15:34:03'),
(691, 3, 2, '2017-06-10 21:32:23'),
(692, 3, 2, '2017-06-10 21:32:27'),
(693, 9, 2, '2017-06-10 21:50:05'),
(694, 9, 1, '2017-06-10 21:50:10'),
(695, 7, 1, '2017-06-10 02:53:06'),
(696, 6, 2, '2017-06-10 02:53:10'),
(697, 7, 2, '2017-06-10 02:53:15'),
(698, 6, 3, '2017-06-11 03:22:28'),
(699, 7, 1, '2017-06-11 03:41:08'),
(700, 7, 2, '2017-06-11 03:41:11'),
(701, 6, 3, '2017-06-11 03:41:15'),
(702, 7, 2, '2017-06-11 03:41:19'),
(703, 6, 1, '2017-06-11 03:41:39'),
(704, 3, 2, '2017-06-11 03:41:42'),
(705, 3, 3, '2017-06-11 03:41:46'),
(706, 3, 3, '2017-06-11 03:41:49'),
(707, 4, 1, '2017-06-11 03:42:35'),
(708, 4, 2, '2017-06-11 03:42:42'),
(709, 4, 3, '2017-06-11 03:42:45'),
(710, 4, 3, '2017-06-11 03:42:49'),
(711, 6, 1, '2017-06-11 03:43:23'),
(712, 6, 2, '2017-06-11 03:43:30'),
(713, 6, 3, '2017-06-11 03:43:34'),
(714, 6, 2, '2017-06-11 03:43:38'),
(715, 8, 1, '2017-06-11 03:44:07'),
(716, 8, 2, '2017-06-11 03:44:11'),
(717, 8, 3, '2017-06-11 03:44:15'),
(718, 8, 1, '2017-06-11 03:44:18'),
(719, 9, 1, '2017-06-11 03:44:30'),
(720, 9, 2, '2017-06-11 03:44:34'),
(721, 9, 3, '2017-06-11 03:44:37'),
(722, 9, 1, '2017-06-11 03:44:40'),
(723, 10, 1, '2017-06-11 03:44:54'),
(724, 10, 2, '2017-06-11 03:44:58'),
(725, 10, 3, '2017-06-11 03:45:01'),
(726, 10, 2, '2017-06-11 03:45:05'),
(727, 6, 1, '2017-06-11 03:47:58'),
(728, 7, 2, '2017-06-11 03:48:01'),
(729, 7, 3, '2017-06-11 03:48:04'),
(730, 6, 1, '2017-06-11 03:48:08'),
(731, 7, 3, '2017-06-11 17:28:45'),
(732, 6, 3, '2017-06-11 17:28:49'),
(733, 3, 2, '2017-06-11 17:29:23'),
(734, 3, 3, '2017-06-11 17:29:27'),
(735, 3, 2, '2017-06-11 17:29:32'),
(736, 3, 1, '2017-06-11 17:29:37'),
(737, 6, 1, '2017-06-11 17:42:46'),
(738, 7, 2, '2017-06-11 17:42:50'),
(739, 6, 3, '2017-06-11 17:42:54'),
(740, 6, 2, '2017-06-11 17:42:59'),
(741, 6, 3, '2017-06-11 17:50:03'),
(742, 6, 2, '2017-06-11 17:50:11'),
(743, 6, 2, '2017-06-11 15:34:03'),
(744, 3, 2, '2017-06-11 21:32:23'),
(745, 3, 2, '2017-06-11 21:32:27'),
(746, 9, 2, '2017-06-11 21:50:05'),
(747, 9, 1, '2017-06-11 21:50:10'),
(748, 7, 1, '2017-06-11 02:53:06'),
(749, 6, 2, '2017-06-11 02:53:10'),
(750, 7, 2, '2017-06-11 02:53:15'),
(751, 6, 3, '2017-06-12 03:22:28'),
(752, 7, 1, '2017-06-12 03:41:08'),
(753, 7, 2, '2017-06-12 03:41:11'),
(754, 6, 3, '2017-06-12 03:41:15'),
(755, 7, 2, '2017-06-12 03:41:19'),
(756, 6, 1, '2017-06-12 03:41:39'),
(757, 3, 2, '2017-06-12 03:41:42'),
(758, 3, 3, '2017-06-12 03:41:46'),
(759, 3, 3, '2017-06-12 03:41:49'),
(760, 4, 1, '2017-06-12 03:42:35'),
(761, 4, 2, '2017-06-12 03:42:42'),
(762, 4, 3, '2017-06-12 03:42:45'),
(763, 4, 3, '2017-06-12 03:42:49'),
(764, 6, 1, '2017-06-12 03:43:23'),
(765, 6, 2, '2017-06-12 03:43:30'),
(766, 6, 3, '2017-06-12 03:43:34'),
(767, 6, 2, '2017-06-12 03:43:38'),
(768, 8, 1, '2017-06-12 03:44:07'),
(769, 8, 2, '2017-06-12 03:44:11'),
(770, 8, 3, '2017-06-12 03:44:15'),
(771, 8, 1, '2017-06-12 03:44:18'),
(772, 9, 1, '2017-06-12 03:44:30'),
(773, 9, 2, '2017-06-12 03:44:34'),
(774, 9, 3, '2017-06-12 03:44:37'),
(775, 9, 1, '2017-06-12 03:44:40'),
(776, 10, 1, '2017-06-12 03:44:54'),
(777, 10, 2, '2017-06-12 03:44:58'),
(778, 10, 3, '2017-06-12 03:45:01'),
(779, 10, 2, '2017-06-12 03:45:05'),
(780, 6, 1, '2017-06-12 03:47:58'),
(781, 7, 2, '2017-06-12 03:48:01'),
(782, 7, 3, '2017-06-12 03:48:04'),
(783, 6, 1, '2017-06-12 03:48:08'),
(784, 7, 3, '2017-06-12 17:28:45'),
(785, 6, 3, '2017-06-12 17:28:49'),
(786, 3, 2, '2017-06-12 17:29:23'),
(787, 3, 3, '2017-06-12 17:29:27'),
(788, 3, 2, '2017-06-12 17:29:32'),
(789, 3, 1, '2017-06-12 17:29:37'),
(790, 6, 1, '2017-06-12 17:42:46'),
(791, 7, 2, '2017-06-12 17:42:50'),
(792, 6, 3, '2017-06-12 17:42:54'),
(793, 6, 2, '2017-06-12 17:42:59'),
(794, 6, 3, '2017-06-12 17:50:03'),
(795, 6, 2, '2017-06-12 17:50:11'),
(796, 6, 2, '2017-06-02 15:34:03'),
(797, 3, 2, '2017-06-12 21:32:23'),
(798, 3, 2, '2017-06-12 21:32:27'),
(799, 9, 2, '2017-06-12 21:50:05'),
(800, 9, 1, '2017-06-12 21:50:10'),
(801, 7, 1, '2017-06-12 02:53:06'),
(802, 6, 2, '2017-06-12 02:53:10'),
(803, 7, 2, '2017-06-12 02:53:15'),
(804, 6, 3, '2017-06-13 03:22:28'),
(805, 7, 1, '2017-06-13 03:41:08'),
(806, 7, 2, '2017-06-13 03:41:11'),
(807, 6, 3, '2017-06-13 03:41:15'),
(808, 7, 2, '2017-06-13 03:41:19'),
(809, 6, 1, '2017-06-13 03:41:39'),
(810, 3, 2, '2017-06-13 03:41:42'),
(811, 3, 3, '2017-06-13 03:41:46'),
(812, 3, 3, '2017-06-13 03:41:49'),
(813, 4, 1, '2017-06-13 03:42:35'),
(814, 4, 2, '2017-06-13 03:42:42'),
(815, 4, 3, '2017-06-13 03:42:45'),
(816, 4, 3, '2017-06-13 03:42:49'),
(817, 6, 1, '2017-06-13 03:43:23'),
(818, 6, 2, '2017-06-13 03:43:30'),
(819, 6, 3, '2017-06-13 03:43:34'),
(820, 6, 2, '2017-06-13 03:43:38'),
(821, 8, 1, '2017-06-13 03:44:07'),
(822, 8, 2, '2017-06-13 03:44:11'),
(823, 8, 3, '2017-06-13 03:44:15'),
(824, 8, 1, '2017-06-13 03:44:18'),
(825, 9, 1, '2017-06-13 03:44:30'),
(826, 9, 2, '2017-06-13 03:44:34'),
(827, 9, 3, '2017-06-13 03:44:37'),
(828, 9, 1, '2017-06-13 03:44:40'),
(829, 10, 1, '2017-06-13 03:44:54'),
(830, 10, 2, '2017-06-13 03:44:58'),
(831, 10, 3, '2017-06-13 03:45:01'),
(832, 10, 2, '2017-06-13 03:45:05'),
(833, 6, 1, '2017-06-13 03:47:58'),
(834, 7, 2, '2017-06-13 03:48:01'),
(835, 7, 3, '2017-06-13 03:48:04'),
(836, 6, 1, '2017-06-13 03:48:08'),
(837, 7, 3, '2017-06-13 17:28:45'),
(838, 6, 3, '2017-06-13 17:28:49'),
(839, 3, 2, '2017-06-13 17:29:23'),
(840, 3, 3, '2017-06-13 17:29:27'),
(841, 3, 2, '2017-06-13 17:29:32'),
(842, 3, 1, '2017-06-13 17:29:37'),
(843, 6, 1, '2017-06-13 17:42:46'),
(844, 7, 2, '2017-06-13 17:42:50'),
(845, 6, 3, '2017-06-13 17:42:54'),
(846, 6, 2, '2017-06-13 17:42:59'),
(847, 6, 3, '2017-06-13 17:50:03'),
(848, 6, 2, '2017-06-13 17:50:11'),
(849, 6, 2, '2017-06-13 15:34:03'),
(850, 3, 2, '2017-06-13 21:32:23'),
(851, 3, 2, '2017-06-13 21:32:27'),
(852, 9, 2, '2017-06-13 21:50:05'),
(853, 9, 1, '2017-06-13 21:50:10'),
(854, 7, 1, '2017-06-13 02:53:06'),
(855, 6, 2, '2017-06-13 02:53:10'),
(856, 7, 2, '2017-06-13 02:53:15'),
(857, 6, 3, '2017-06-14 03:22:28'),
(858, 7, 1, '2017-06-14 03:41:08'),
(859, 7, 2, '2017-06-14 03:41:11'),
(860, 6, 3, '2017-06-14 03:41:15'),
(861, 7, 2, '2017-06-14 03:41:19'),
(862, 6, 1, '2017-06-14 03:41:39'),
(863, 3, 2, '2017-06-14 03:41:42'),
(864, 3, 3, '2017-06-14 03:41:46'),
(865, 3, 3, '2017-06-14 03:41:49'),
(866, 4, 1, '2017-06-14 03:42:35'),
(867, 4, 2, '2017-06-14 03:42:42'),
(868, 4, 3, '2017-06-14 03:42:45'),
(869, 4, 3, '2017-06-14 03:42:49'),
(870, 6, 1, '2017-06-14 03:43:23'),
(871, 6, 2, '2017-06-14 03:43:30'),
(872, 6, 3, '2017-06-14 03:43:34'),
(873, 6, 2, '2017-06-14 03:43:38'),
(874, 8, 1, '2017-06-14 03:44:07'),
(875, 8, 2, '2017-06-14 03:44:11'),
(876, 8, 3, '2017-06-14 03:44:15'),
(877, 8, 1, '2017-06-14 03:44:18'),
(878, 9, 1, '2017-06-14 03:44:30'),
(879, 9, 2, '2017-06-14 03:44:34'),
(880, 9, 3, '2017-06-14 03:44:37'),
(881, 9, 1, '2017-06-14 03:44:40'),
(882, 10, 1, '2017-06-14 03:44:54'),
(883, 10, 2, '2017-06-14 03:44:58'),
(884, 10, 3, '2017-06-14 03:45:01'),
(885, 10, 2, '2017-06-14 03:45:05'),
(886, 6, 1, '2017-06-14 03:47:58'),
(887, 7, 2, '2017-06-14 03:48:01'),
(888, 7, 3, '2017-06-14 03:48:04'),
(889, 6, 1, '2017-06-14 03:48:08'),
(890, 7, 3, '2017-06-14 17:28:45'),
(891, 6, 3, '2017-06-14 17:28:49'),
(892, 3, 2, '2017-06-14 17:29:23'),
(893, 3, 3, '2017-06-14 17:29:27'),
(894, 3, 2, '2017-06-14 17:29:32'),
(895, 3, 1, '2017-06-14 17:29:37'),
(896, 6, 1, '2017-06-14 17:42:46'),
(897, 7, 2, '2017-06-14 17:42:50'),
(898, 6, 3, '2017-06-14 17:42:54'),
(899, 6, 2, '2017-06-14 17:42:59'),
(900, 6, 3, '2017-06-14 17:50:03'),
(901, 6, 2, '2017-06-14 17:50:11'),
(902, 6, 2, '2017-06-14 15:34:03'),
(903, 3, 2, '2017-06-14 21:32:23'),
(904, 3, 2, '2017-06-14 21:32:27'),
(905, 9, 2, '2017-06-14 21:50:05'),
(906, 9, 1, '2017-06-14 21:50:10'),
(907, 7, 1, '2017-06-14 02:53:06'),
(908, 6, 2, '2017-06-14 02:53:10'),
(909, 7, 2, '2017-06-14 02:53:15'),
(910, 6, 3, '2017-06-15 03:22:28'),
(911, 7, 1, '2017-06-15 03:41:08'),
(912, 7, 2, '2017-06-15 03:41:11'),
(913, 6, 3, '2017-06-15 03:41:15'),
(914, 7, 2, '2017-06-15 03:41:19'),
(915, 6, 1, '2017-06-15 03:41:39'),
(916, 3, 2, '2017-06-15 03:41:42'),
(917, 3, 3, '2017-06-15 03:41:46'),
(918, 3, 3, '2017-06-15 03:41:49'),
(919, 4, 1, '2017-06-15 03:42:35'),
(920, 4, 2, '2017-06-15 03:42:42'),
(921, 4, 3, '2017-06-15 03:42:45'),
(922, 4, 3, '2017-06-15 03:42:49'),
(923, 6, 1, '2017-06-15 03:43:23'),
(924, 6, 2, '2017-06-15 03:43:30'),
(925, 6, 3, '2017-06-15 03:43:34'),
(926, 6, 2, '2017-06-15 03:43:38'),
(927, 8, 1, '2017-06-15 03:44:07'),
(928, 8, 2, '2017-06-15 03:44:11'),
(929, 8, 3, '2017-06-15 03:44:15'),
(930, 8, 1, '2017-06-15 03:44:18'),
(931, 9, 1, '2017-06-15 03:44:30'),
(932, 9, 2, '2017-06-15 03:44:34'),
(933, 9, 3, '2017-06-15 03:44:37'),
(934, 9, 1, '2017-06-15 03:44:40'),
(935, 10, 1, '2017-06-15 03:44:54'),
(936, 10, 2, '2017-06-15 03:44:58'),
(937, 10, 3, '2017-06-15 03:45:01'),
(938, 10, 2, '2017-06-15 03:45:05'),
(939, 6, 1, '2017-06-15 03:47:58'),
(940, 7, 2, '2017-06-15 03:48:01'),
(941, 7, 3, '2017-06-15 03:48:04'),
(942, 6, 1, '2017-06-15 03:48:08'),
(943, 7, 3, '2017-06-15 17:28:45'),
(944, 6, 3, '2017-06-15 17:28:49'),
(945, 3, 2, '2017-06-15 17:29:23'),
(946, 3, 3, '2017-06-15 17:29:27'),
(947, 3, 2, '2017-06-15 17:29:32'),
(948, 3, 1, '2017-06-15 17:29:37'),
(949, 6, 1, '2017-06-15 17:42:46'),
(950, 7, 2, '2017-06-15 17:42:50'),
(951, 6, 3, '2017-06-15 17:42:54'),
(952, 6, 2, '2017-06-15 17:42:59'),
(953, 6, 3, '2017-06-15 17:50:03'),
(954, 6, 2, '2017-06-15 17:50:11'),
(955, 6, 2, '2017-06-15 15:34:03'),
(956, 3, 2, '2017-06-15 21:32:23'),
(957, 3, 2, '2017-06-15 21:32:27'),
(958, 9, 2, '2017-06-15 21:50:05'),
(959, 9, 1, '2017-06-15 21:50:10'),
(960, 7, 1, '2017-06-15 02:53:06'),
(961, 6, 2, '2017-06-15 02:53:10'),
(962, 7, 2, '2017-06-15 02:53:15'),
(963, 6, 3, '2017-06-16 03:22:28'),
(964, 7, 1, '2017-06-16 03:41:08'),
(965, 7, 2, '2017-06-16 03:41:11'),
(966, 6, 3, '2017-06-16 03:41:15'),
(967, 7, 2, '2017-06-16 03:41:19'),
(968, 6, 1, '2017-06-16 03:41:39'),
(969, 3, 2, '2017-06-16 03:41:42'),
(970, 3, 3, '2017-06-16 03:41:46'),
(971, 3, 3, '2017-06-16 03:41:49'),
(972, 4, 1, '2017-06-16 03:42:35'),
(973, 4, 2, '2017-06-16 03:42:42'),
(974, 4, 3, '2017-06-16 03:42:45'),
(975, 4, 3, '2017-06-16 03:42:49'),
(976, 6, 1, '2017-06-16 03:43:23'),
(977, 6, 2, '2017-06-16 03:43:30'),
(978, 6, 3, '2017-06-16 03:43:34'),
(979, 6, 2, '2017-06-16 03:43:38'),
(980, 8, 1, '2017-06-16 03:44:07'),
(981, 8, 2, '2017-06-16 03:44:11'),
(982, 8, 3, '2017-06-16 03:44:15'),
(983, 8, 1, '2017-06-16 03:44:18'),
(984, 9, 1, '2017-06-16 03:44:30'),
(985, 9, 2, '2017-06-16 03:44:34'),
(986, 9, 3, '2017-06-16 03:44:37'),
(987, 9, 1, '2017-06-16 03:44:40'),
(988, 10, 1, '2017-06-16 03:44:54'),
(989, 10, 2, '2017-06-16 03:44:58'),
(990, 10, 3, '2017-06-16 03:45:01'),
(991, 10, 2, '2017-06-16 03:45:05'),
(992, 6, 1, '2017-06-16 03:47:58'),
(993, 7, 2, '2017-06-16 03:48:01'),
(994, 7, 3, '2017-06-16 03:48:04'),
(995, 6, 1, '2017-06-16 03:48:08'),
(996, 7, 3, '2017-06-16 17:28:45'),
(997, 6, 3, '2017-06-16 17:28:49'),
(998, 3, 2, '2017-06-16 17:29:23'),
(999, 3, 3, '2017-06-16 17:29:27'),
(1000, 3, 2, '2017-06-16 17:29:32'),
(1001, 3, 1, '2017-06-16 17:29:37'),
(1002, 6, 1, '2017-06-16 17:42:46'),
(1003, 7, 2, '2017-06-16 17:42:50'),
(1004, 6, 3, '2017-06-16 17:42:54'),
(1005, 6, 2, '2017-06-16 17:42:59'),
(1006, 6, 3, '2017-06-16 17:50:03'),
(1007, 6, 2, '2017-06-16 17:50:11'),
(1008, 6, 2, '2017-06-16 15:34:03'),
(1009, 3, 2, '2017-06-16 21:32:23'),
(1010, 3, 2, '2017-06-16 21:32:27'),
(1011, 9, 2, '2017-06-16 21:50:05'),
(1012, 9, 1, '2017-06-16 21:50:10'),
(1013, 7, 1, '2017-06-16 02:53:06'),
(1014, 6, 2, '2017-06-16 02:53:10'),
(1015, 7, 2, '2017-06-16 02:53:15'),
(1016, 6, 3, '2017-06-17 03:22:28'),
(1017, 7, 1, '2017-06-17 03:41:08'),
(1018, 7, 2, '2017-06-17 03:41:11'),
(1019, 6, 3, '2017-06-17 03:41:15'),
(1020, 7, 2, '2017-06-17 03:41:19'),
(1021, 6, 1, '2017-06-17 03:41:39'),
(1022, 3, 2, '2017-06-17 03:41:42'),
(1023, 3, 3, '2017-06-17 03:41:46'),
(1024, 3, 3, '2017-06-17 03:41:49'),
(1025, 4, 1, '2017-06-17 03:42:35'),
(1026, 4, 2, '2017-06-17 03:42:42'),
(1027, 4, 3, '2017-06-17 03:42:45'),
(1028, 4, 3, '2017-06-17 03:42:49'),
(1029, 6, 1, '2017-06-17 03:43:23'),
(1030, 6, 2, '2017-06-17 03:43:30'),
(1031, 6, 3, '2017-06-17 03:43:34'),
(1032, 6, 2, '2017-06-17 03:43:38'),
(1033, 8, 1, '2017-06-17 03:44:07'),
(1034, 8, 2, '2017-06-17 03:44:11'),
(1035, 8, 3, '2017-06-17 03:44:15'),
(1036, 8, 1, '2017-06-17 03:44:18'),
(1037, 9, 1, '2017-06-17 03:44:30'),
(1038, 9, 2, '2017-06-17 03:44:34'),
(1039, 9, 3, '2017-06-17 03:44:37'),
(1040, 9, 1, '2017-06-17 03:44:40'),
(1041, 10, 1, '2017-06-17 03:44:54'),
(1042, 10, 2, '2017-06-17 03:44:58'),
(1043, 10, 3, '2017-06-17 03:45:01'),
(1044, 10, 2, '2017-06-17 03:45:05'),
(1045, 6, 1, '2017-06-17 03:47:58'),
(1046, 7, 2, '2017-06-17 03:48:01'),
(1047, 7, 3, '2017-06-17 03:48:04'),
(1048, 6, 1, '2017-06-17 03:48:08'),
(1049, 7, 3, '2017-06-17 17:28:45'),
(1050, 6, 3, '2017-06-17 17:28:49'),
(1051, 3, 2, '2017-06-17 17:29:23'),
(1052, 3, 3, '2017-06-17 17:29:27'),
(1053, 3, 2, '2017-06-17 17:29:32'),
(1054, 3, 1, '2017-06-17 17:29:37'),
(1055, 6, 1, '2017-06-17 17:42:46'),
(1056, 7, 2, '2017-06-17 17:42:50'),
(1057, 6, 3, '2017-06-17 17:42:54'),
(1058, 6, 2, '2017-06-17 17:42:59'),
(1059, 6, 3, '2017-06-17 17:50:03'),
(1060, 6, 2, '2017-06-17 17:50:11'),
(1061, 6, 2, '2017-06-17 15:34:03'),
(1062, 3, 2, '2017-06-17 21:32:23'),
(1063, 3, 2, '2017-06-17 21:32:27'),
(1064, 9, 2, '2017-06-17 21:50:05'),
(1065, 9, 1, '2017-06-17 21:50:10'),
(1066, 7, 1, '2017-06-17 02:53:06'),
(1067, 6, 2, '2017-06-17 02:53:10'),
(1068, 7, 2, '2017-06-17 02:53:15'),
(1069, 6, 3, '2017-06-18 03:22:28'),
(1070, 7, 1, '2017-06-18 03:41:08'),
(1071, 7, 2, '2017-06-18 03:41:11'),
(1072, 6, 3, '2017-06-18 03:41:15'),
(1073, 7, 2, '2017-06-18 03:41:19'),
(1074, 6, 1, '2017-06-18 03:41:39'),
(1075, 3, 2, '2017-06-18 03:41:42'),
(1076, 3, 3, '2017-06-18 03:41:46'),
(1077, 3, 3, '2017-06-18 03:41:49'),
(1078, 4, 1, '2017-06-18 03:42:35'),
(1079, 4, 2, '2017-06-18 03:42:42'),
(1080, 4, 3, '2017-06-18 03:42:45'),
(1081, 4, 3, '2017-06-18 03:42:49'),
(1082, 6, 1, '2017-06-18 03:43:23'),
(1083, 6, 2, '2017-06-18 03:43:30'),
(1084, 6, 3, '2017-06-18 03:43:34'),
(1085, 6, 2, '2017-06-18 03:43:38'),
(1086, 8, 1, '2017-06-18 03:44:07'),
(1087, 8, 2, '2017-06-18 03:44:11'),
(1088, 8, 3, '2017-06-18 03:44:15'),
(1089, 8, 1, '2017-06-18 03:44:18'),
(1090, 9, 1, '2017-06-18 03:44:30'),
(1091, 9, 2, '2017-06-18 03:44:34'),
(1092, 9, 3, '2017-06-18 03:44:37'),
(1093, 9, 1, '2017-06-18 03:44:40'),
(1094, 10, 1, '2017-06-18 03:44:54'),
(1095, 10, 2, '2017-06-18 03:44:58'),
(1096, 10, 3, '2017-06-18 03:45:01'),
(1097, 10, 2, '2017-06-18 03:45:05'),
(1098, 6, 1, '2017-06-18 03:47:58'),
(1099, 7, 2, '2017-06-18 03:48:01'),
(1100, 7, 3, '2017-06-18 03:48:04'),
(1101, 6, 1, '2017-06-18 03:48:08'),
(1102, 7, 3, '2017-06-18 17:28:45'),
(1103, 6, 3, '2017-06-18 17:28:49'),
(1104, 3, 2, '2017-06-18 17:29:23'),
(1105, 3, 3, '2017-06-18 17:29:27'),
(1106, 3, 2, '2017-06-18 17:29:32'),
(1107, 3, 1, '2017-06-18 17:29:37'),
(1108, 6, 1, '2017-06-18 17:42:46'),
(1109, 7, 2, '2017-06-18 17:42:50'),
(1110, 6, 3, '2017-06-18 17:42:54'),
(1111, 6, 2, '2017-06-18 17:42:59'),
(1112, 6, 3, '2017-06-18 17:50:03'),
(1113, 6, 2, '2017-06-18 17:50:11'),
(1114, 6, 2, '2017-06-18 15:34:03'),
(1115, 3, 2, '2017-06-18 21:32:23'),
(1116, 3, 2, '2017-06-18 21:32:27'),
(1117, 9, 2, '2017-06-18 21:50:05'),
(1118, 9, 1, '2017-06-18 21:50:10'),
(1119, 7, 1, '2017-06-18 02:53:06'),
(1120, 6, 2, '2017-06-18 02:53:10'),
(1121, 7, 2, '2017-06-18 02:53:15'),
(1122, 6, 3, '2017-06-19 03:22:28'),
(1123, 7, 1, '2017-06-19 03:41:08'),
(1124, 7, 2, '2017-06-19 03:41:11'),
(1125, 6, 3, '2017-06-19 03:41:15'),
(1126, 7, 2, '2017-06-19 03:41:19'),
(1127, 6, 1, '2017-06-19 03:41:39'),
(1128, 3, 2, '2017-06-19 03:41:42'),
(1129, 3, 3, '2017-06-19 03:41:46'),
(1130, 3, 3, '2017-06-19 03:41:49'),
(1131, 4, 1, '2017-06-19 03:42:35'),
(1132, 4, 2, '2017-06-19 03:42:42'),
(1133, 4, 3, '2017-06-19 03:42:45'),
(1134, 4, 3, '2017-06-19 03:42:49'),
(1135, 6, 1, '2017-06-19 03:43:23'),
(1136, 6, 2, '2017-06-19 03:43:30'),
(1137, 6, 3, '2017-06-19 03:43:34'),
(1138, 6, 2, '2017-06-19 03:43:38'),
(1139, 8, 1, '2017-06-19 03:44:07'),
(1140, 8, 2, '2017-06-19 03:44:11'),
(1141, 8, 3, '2017-06-19 03:44:15'),
(1142, 8, 1, '2017-06-19 03:44:18'),
(1143, 9, 1, '2017-06-19 03:44:30'),
(1144, 9, 2, '2017-06-19 03:44:34'),
(1145, 9, 3, '2017-06-19 03:44:37'),
(1146, 9, 1, '2017-06-19 03:44:40'),
(1147, 10, 1, '2017-06-19 03:44:54'),
(1148, 10, 2, '2017-06-19 03:44:58'),
(1149, 10, 3, '2017-06-19 03:45:01'),
(1150, 10, 2, '2017-06-19 03:45:05'),
(1151, 6, 1, '2017-06-19 03:47:58'),
(1152, 7, 2, '2017-06-19 03:48:01'),
(1153, 7, 3, '2017-06-19 03:48:04'),
(1154, 6, 1, '2017-06-19 03:48:08'),
(1155, 7, 3, '2017-06-19 17:28:45'),
(1156, 6, 3, '2017-06-19 17:28:49'),
(1157, 3, 2, '2017-06-19 17:29:23'),
(1158, 3, 3, '2017-06-19 17:29:27'),
(1159, 3, 2, '2017-06-19 17:29:32'),
(1160, 3, 1, '2017-06-19 17:29:37'),
(1161, 6, 1, '2017-06-19 17:42:46'),
(1162, 7, 2, '2017-06-19 17:42:50'),
(1163, 6, 3, '2017-06-19 17:42:54'),
(1164, 6, 2, '2017-06-19 17:42:59'),
(1165, 6, 3, '2017-06-19 17:50:03'),
(1166, 6, 2, '2017-06-19 17:50:11'),
(1167, 6, 2, '2017-06-19 15:34:03'),
(1168, 3, 2, '2017-06-19 21:32:23'),
(1169, 3, 2, '2017-06-19 21:32:27'),
(1170, 9, 2, '2017-06-19 21:50:05'),
(1171, 9, 1, '2017-06-19 21:50:10'),
(1172, 7, 1, '2017-06-19 02:53:06'),
(1173, 6, 2, '2017-06-19 02:53:10'),
(1174, 7, 2, '2017-06-19 02:53:15'),
(1175, 6, 3, '2017-06-20 03:22:28'),
(1176, 7, 1, '2017-06-20 03:41:08'),
(1177, 7, 2, '2017-06-20 03:41:11'),
(1178, 6, 3, '2017-06-20 03:41:15'),
(1179, 7, 2, '2017-06-20 03:41:19'),
(1180, 6, 1, '2017-06-20 03:41:39'),
(1181, 3, 2, '2017-06-20 03:41:42'),
(1182, 3, 3, '2017-06-20 03:41:46'),
(1183, 3, 3, '2017-06-20 03:41:49'),
(1184, 4, 1, '2017-06-20 03:42:35'),
(1185, 4, 2, '2017-06-20 03:42:42'),
(1186, 4, 3, '2017-06-20 03:42:45'),
(1187, 4, 3, '2017-06-20 03:42:49'),
(1188, 6, 1, '2017-06-20 03:43:23'),
(1189, 6, 2, '2017-06-20 03:43:30'),
(1190, 6, 3, '2017-06-20 03:43:34'),
(1191, 6, 2, '2017-06-20 03:43:38'),
(1192, 8, 1, '2017-06-20 03:44:07'),
(1193, 8, 2, '2017-06-20 03:44:11'),
(1194, 8, 3, '2017-06-20 03:44:15'),
(1195, 8, 1, '2017-06-20 03:44:18'),
(1196, 9, 1, '2017-06-20 03:44:30'),
(1197, 9, 2, '2017-06-20 03:44:34'),
(1198, 9, 3, '2017-06-20 03:44:37'),
(1199, 9, 1, '2017-06-20 03:44:40'),
(1200, 10, 1, '2017-06-20 03:44:54'),
(1201, 10, 2, '2017-06-20 03:44:58'),
(1202, 10, 3, '2017-06-20 03:45:01'),
(1203, 10, 2, '2017-06-20 03:45:05'),
(1204, 6, 1, '2017-06-20 03:47:58'),
(1205, 7, 2, '2017-06-20 03:48:01'),
(1206, 7, 3, '2017-06-20 03:48:04'),
(1207, 6, 1, '2017-06-20 03:48:08'),
(1208, 7, 3, '2017-06-20 17:28:45'),
(1209, 6, 3, '2017-06-20 17:28:49'),
(1210, 3, 2, '2017-06-20 17:29:23'),
(1211, 3, 3, '2017-06-20 17:29:27'),
(1212, 3, 2, '2017-06-20 17:29:32'),
(1213, 3, 1, '2017-06-20 17:29:37'),
(1214, 6, 1, '2017-06-20 17:42:46'),
(1215, 7, 2, '2017-06-20 17:42:50'),
(1216, 6, 3, '2017-06-20 17:42:54'),
(1217, 6, 2, '2017-06-20 17:42:59'),
(1218, 6, 3, '2017-06-20 17:50:03'),
(1219, 6, 2, '2017-06-20 17:50:11'),
(1220, 6, 2, '2017-06-20 15:34:03'),
(1221, 3, 2, '2017-06-20 21:32:23'),
(1222, 3, 2, '2017-06-20 21:32:27'),
(1223, 9, 2, '2017-06-20 21:50:05'),
(1224, 9, 1, '2017-06-20 21:50:10'),
(1225, 7, 1, '2017-06-20 02:53:06'),
(1226, 6, 2, '2017-06-20 02:53:10'),
(1227, 7, 2, '2017-06-20 02:53:15'),
(1228, 6, 3, '2017-06-22 03:22:28'),
(1229, 7, 1, '2017-06-22 03:41:08'),
(1230, 7, 2, '2017-06-22 03:41:11'),
(1231, 6, 3, '2017-06-22 03:41:15'),
(1232, 7, 2, '2017-06-22 03:41:19'),
(1233, 6, 1, '2017-06-22 03:41:39'),
(1234, 3, 2, '2017-06-22 03:41:42'),
(1235, 3, 3, '2017-06-22 03:41:46'),
(1236, 3, 3, '2017-06-22 03:41:49'),
(1237, 4, 1, '2017-06-22 03:42:35'),
(1238, 4, 2, '2017-06-22 03:42:42'),
(1239, 4, 3, '2017-06-22 03:42:45'),
(1240, 4, 3, '2017-06-22 03:42:49'),
(1241, 6, 1, '2017-06-22 03:43:23'),
(1242, 6, 2, '2017-06-22 03:43:30'),
(1243, 6, 3, '2017-06-22 03:43:34'),
(1244, 6, 2, '2017-06-22 03:43:38'),
(1245, 8, 1, '2017-06-22 03:44:07'),
(1246, 8, 2, '2017-06-22 03:44:11'),
(1247, 8, 3, '2017-06-22 03:44:15'),
(1248, 8, 1, '2017-06-22 03:44:18'),
(1249, 9, 1, '2017-06-22 03:44:30'),
(1250, 9, 2, '2017-06-22 03:44:34'),
(1251, 9, 3, '2017-06-22 03:44:37'),
(1252, 9, 1, '2017-06-22 03:44:40'),
(1253, 10, 1, '2017-06-22 03:44:54'),
(1254, 10, 2, '2017-06-22 03:44:58'),
(1255, 10, 3, '2017-06-22 03:45:01'),
(1256, 10, 2, '2017-06-22 03:45:05'),
(1257, 6, 1, '2017-06-22 03:47:58'),
(1258, 7, 2, '2017-06-22 03:48:01'),
(1259, 7, 3, '2017-06-22 03:48:04'),
(1260, 6, 1, '2017-06-22 03:48:08'),
(1261, 7, 3, '2017-06-22 17:28:45'),
(1262, 6, 3, '2017-06-22 17:28:49'),
(1263, 3, 2, '2017-06-22 17:29:23'),
(1264, 3, 3, '2017-06-22 17:29:27'),
(1265, 3, 2, '2017-06-22 17:29:32'),
(1266, 3, 1, '2017-06-22 17:29:37'),
(1267, 6, 1, '2017-06-22 17:42:46'),
(1268, 7, 2, '2017-06-22 17:42:50'),
(1269, 6, 3, '2017-06-22 17:42:54'),
(1270, 6, 2, '2017-06-22 17:42:59'),
(1271, 6, 3, '2017-06-22 17:50:03'),
(1272, 6, 2, '2017-06-22 17:50:11'),
(1273, 6, 2, '2017-06-22 15:34:03'),
(1274, 3, 2, '2017-06-22 21:32:23'),
(1275, 3, 2, '2017-06-22 21:32:27'),
(1276, 9, 2, '2017-06-22 21:50:05'),
(1277, 9, 1, '2017-06-22 21:50:10'),
(1278, 7, 1, '2017-06-22 02:53:06'),
(1279, 6, 2, '2017-06-22 02:53:10'),
(1280, 7, 2, '2017-06-22 02:53:15'),
(1281, 6, 3, '2017-06-23 03:22:28'),
(1282, 7, 1, '2017-06-23 03:41:08'),
(1283, 7, 2, '2017-06-23 03:41:11'),
(1284, 6, 3, '2017-06-23 03:41:15'),
(1285, 7, 2, '2017-06-23 03:41:19'),
(1286, 6, 1, '2017-06-23 03:41:39'),
(1287, 3, 2, '2017-06-23 03:41:42'),
(1288, 3, 3, '2017-06-23 03:41:46'),
(1289, 3, 3, '2017-06-23 03:41:49'),
(1290, 4, 1, '2017-06-23 03:42:35'),
(1291, 4, 2, '2017-06-23 03:42:42'),
(1292, 4, 3, '2017-06-23 03:42:45'),
(1293, 4, 3, '2017-06-23 03:42:49'),
(1294, 6, 1, '2017-06-23 03:43:23'),
(1295, 6, 2, '2017-06-23 03:43:30'),
(1296, 6, 3, '2017-06-23 03:43:34'),
(1297, 6, 2, '2017-06-23 03:43:38'),
(1298, 8, 1, '2017-06-23 03:44:07'),
(1299, 8, 2, '2017-06-23 03:44:11'),
(1300, 8, 3, '2017-06-23 03:44:15'),
(1301, 8, 1, '2017-06-23 03:44:18'),
(1302, 9, 1, '2017-06-23 03:44:30'),
(1303, 9, 2, '2017-06-23 03:44:34'),
(1304, 9, 3, '2017-06-23 03:44:37'),
(1305, 9, 1, '2017-06-23 03:44:40'),
(1306, 10, 1, '2017-06-23 03:44:54'),
(1307, 10, 2, '2017-06-23 03:44:58'),
(1308, 10, 3, '2017-06-23 03:45:01'),
(1309, 10, 2, '2017-06-23 03:45:05'),
(1310, 6, 1, '2017-06-23 03:47:58'),
(1311, 7, 2, '2017-06-23 03:48:01'),
(1312, 7, 3, '2017-06-23 03:48:04'),
(1313, 6, 1, '2017-06-23 03:48:08'),
(1314, 7, 3, '2017-06-23 17:28:45'),
(1315, 6, 3, '2017-06-23 17:28:49'),
(1316, 3, 2, '2017-06-23 17:29:23'),
(1317, 3, 3, '2017-06-23 17:29:27'),
(1318, 3, 2, '2017-06-23 17:29:32'),
(1319, 3, 1, '2017-06-23 17:29:37'),
(1320, 6, 1, '2017-06-23 17:42:46'),
(1321, 7, 2, '2017-06-23 17:42:50'),
(1322, 6, 3, '2017-06-23 17:42:54'),
(1323, 6, 2, '2017-06-23 17:42:59'),
(1324, 6, 3, '2017-06-23 17:50:03'),
(1325, 6, 2, '2017-06-23 17:50:11'),
(1326, 6, 2, '2017-06-23 15:34:03'),
(1327, 3, 2, '2017-06-23 21:32:23'),
(1328, 3, 2, '2017-06-23 21:32:27'),
(1329, 9, 2, '2017-06-23 21:50:05'),
(1330, 9, 1, '2017-06-23 21:50:10'),
(1331, 7, 1, '2017-06-23 02:53:06'),
(1332, 6, 2, '2017-06-23 02:53:10'),
(1333, 7, 2, '2017-06-23 02:53:15'),
(1334, 6, 3, '2017-06-24 03:22:28'),
(1335, 7, 1, '2017-06-24 03:41:08'),
(1336, 7, 2, '2017-06-24 03:41:11'),
(1337, 6, 3, '2017-06-24 03:41:15'),
(1338, 7, 2, '2017-06-24 03:41:19'),
(1339, 6, 1, '2017-06-24 03:41:39'),
(1340, 3, 2, '2017-06-24 03:41:42'),
(1341, 3, 3, '2017-06-24 03:41:46'),
(1342, 3, 3, '2017-06-24 03:41:49'),
(1343, 4, 1, '2017-06-24 03:42:35'),
(1344, 4, 2, '2017-06-24 03:42:42'),
(1345, 4, 3, '2017-06-24 03:42:45'),
(1346, 4, 3, '2017-06-24 03:42:49'),
(1347, 6, 1, '2017-06-24 03:43:23'),
(1348, 6, 2, '2017-06-24 03:43:30'),
(1349, 6, 3, '2017-06-24 03:43:34'),
(1350, 6, 2, '2017-06-24 03:43:38'),
(1351, 8, 1, '2017-06-24 03:44:07'),
(1352, 8, 2, '2017-06-24 03:44:11'),
(1353, 8, 3, '2017-06-24 03:44:15'),
(1354, 8, 1, '2017-06-24 03:44:18'),
(1355, 9, 1, '2017-06-24 03:44:30'),
(1356, 9, 2, '2017-06-24 03:44:34'),
(1357, 9, 3, '2017-06-24 03:44:37'),
(1358, 9, 1, '2017-06-24 03:44:40'),
(1359, 10, 1, '2017-06-24 03:44:54'),
(1360, 10, 2, '2017-06-24 03:44:58'),
(1361, 10, 3, '2017-06-24 03:45:01'),
(1362, 10, 2, '2017-06-24 03:45:05'),
(1363, 6, 1, '2017-06-24 03:47:58'),
(1364, 7, 2, '2017-06-24 03:48:01'),
(1365, 7, 3, '2017-06-24 03:48:04'),
(1366, 6, 1, '2017-06-24 03:48:08'),
(1367, 7, 3, '2017-06-24 17:28:45'),
(1368, 6, 3, '2017-06-24 17:28:49'),
(1369, 3, 2, '2017-06-24 17:29:23'),
(1370, 3, 3, '2017-06-24 17:29:27'),
(1371, 3, 2, '2017-06-24 17:29:32'),
(1372, 3, 1, '2017-06-24 17:29:37'),
(1373, 6, 1, '2017-06-24 17:42:46'),
(1374, 7, 2, '2017-06-24 17:42:50'),
(1375, 6, 3, '2017-06-24 17:42:54'),
(1376, 6, 2, '2017-06-24 17:42:59'),
(1377, 6, 3, '2017-06-24 17:50:03'),
(1378, 6, 2, '2017-06-24 17:50:11'),
(1379, 6, 2, '2017-06-24 15:34:03'),
(1380, 3, 2, '2017-06-24 21:32:23'),
(1381, 3, 2, '2017-06-24 21:32:27'),
(1382, 9, 2, '2017-06-24 21:50:05'),
(1383, 9, 1, '2017-06-24 21:50:10'),
(1384, 7, 1, '2017-06-24 02:53:06'),
(1385, 6, 2, '2017-06-24 02:53:10'),
(1386, 7, 2, '2017-06-24 02:53:15'),
(1387, 6, 3, '2017-06-25 03:22:28'),
(1388, 7, 1, '2017-06-25 03:41:08'),
(1389, 7, 2, '2017-06-25 03:41:11'),
(1390, 6, 3, '2017-06-25 03:41:15'),
(1391, 7, 2, '2017-06-25 03:41:19'),
(1392, 6, 1, '2017-06-25 03:41:39'),
(1393, 3, 2, '2017-06-25 03:41:42'),
(1394, 3, 3, '2017-06-25 03:41:46'),
(1395, 3, 3, '2017-06-25 03:41:49'),
(1396, 4, 1, '2017-06-25 03:42:35'),
(1397, 4, 2, '2017-06-25 03:42:42'),
(1398, 4, 3, '2017-06-25 03:42:45'),
(1399, 4, 3, '2017-06-25 03:42:49'),
(1400, 6, 1, '2017-06-25 03:43:23'),
(1401, 6, 2, '2017-06-25 03:43:30'),
(1402, 6, 3, '2017-06-25 03:43:34'),
(1403, 6, 2, '2017-06-25 03:43:38'),
(1404, 8, 1, '2017-06-25 03:44:07'),
(1405, 8, 2, '2017-06-25 03:44:11'),
(1406, 8, 3, '2017-06-25 03:44:15'),
(1407, 8, 1, '2017-06-25 03:44:18'),
(1408, 9, 1, '2017-06-25 03:44:30'),
(1409, 9, 2, '2017-06-25 03:44:34'),
(1410, 9, 3, '2017-06-25 03:44:37'),
(1411, 9, 1, '2017-06-25 03:44:40'),
(1412, 10, 1, '2017-06-25 03:44:54'),
(1413, 10, 2, '2017-06-25 03:44:58'),
(1414, 10, 3, '2017-06-25 03:45:01'),
(1415, 10, 2, '2017-06-25 03:45:05'),
(1416, 6, 1, '2017-06-25 03:47:58'),
(1417, 7, 2, '2017-06-25 03:48:01'),
(1418, 7, 3, '2017-06-25 03:48:04'),
(1419, 6, 1, '2017-06-25 03:48:08'),
(1420, 7, 3, '2017-06-25 17:28:45'),
(1421, 6, 3, '2017-06-25 17:28:49'),
(1422, 3, 2, '2017-06-25 17:29:23'),
(1423, 3, 3, '2017-06-25 17:29:27'),
(1424, 3, 2, '2017-06-25 17:29:32'),
(1425, 3, 1, '2017-06-25 17:29:37'),
(1426, 6, 1, '2017-06-25 17:42:46'),
(1427, 7, 2, '2017-06-25 17:42:50'),
(1428, 6, 3, '2017-06-25 17:42:54'),
(1429, 6, 2, '2017-06-25 17:42:59'),
(1430, 6, 3, '2017-06-25 17:50:03'),
(1431, 6, 2, '2017-06-25 17:50:11'),
(1432, 6, 2, '2017-06-25 15:34:03'),
(1433, 3, 2, '2017-06-25 21:32:23'),
(1434, 3, 2, '2017-06-25 21:32:27'),
(1435, 9, 2, '2017-06-25 21:50:05'),
(1436, 9, 1, '2017-06-25 21:50:10'),
(1437, 7, 1, '2017-06-25 02:53:06'),
(1438, 6, 2, '2017-06-25 02:53:10'),
(1439, 7, 2, '2017-06-25 02:53:15'),
(1440, 6, 3, '2017-06-26 03:22:28'),
(1441, 7, 1, '2017-06-26 03:41:08'),
(1442, 7, 2, '2017-06-26 03:41:11'),
(1443, 6, 3, '2017-06-26 03:41:15'),
(1444, 7, 2, '2017-06-26 03:41:19'),
(1445, 6, 1, '2017-06-26 03:41:39'),
(1446, 3, 2, '2017-06-26 03:41:42'),
(1447, 3, 3, '2017-06-26 03:41:46'),
(1448, 3, 3, '2017-06-26 03:41:49'),
(1449, 4, 1, '2017-06-26 03:42:35'),
(1450, 4, 2, '2017-06-26 03:42:42'),
(1451, 4, 3, '2017-06-26 03:42:45'),
(1452, 4, 3, '2017-06-26 03:42:49'),
(1453, 6, 1, '2017-06-26 03:43:23'),
(1454, 6, 2, '2017-06-26 03:43:30'),
(1455, 6, 3, '2017-06-26 03:43:34'),
(1456, 6, 2, '2017-06-26 03:43:38'),
(1457, 8, 1, '2017-06-26 03:44:07'),
(1458, 8, 2, '2017-06-26 03:44:11'),
(1459, 8, 3, '2017-06-26 03:44:15'),
(1460, 8, 1, '2017-06-26 03:44:18'),
(1461, 9, 1, '2017-06-26 03:44:30'),
(1462, 9, 2, '2017-06-26 03:44:34'),
(1463, 9, 3, '2017-06-26 03:44:37'),
(1464, 9, 1, '2017-06-26 03:44:40'),
(1465, 10, 1, '2017-06-26 03:44:54'),
(1466, 10, 2, '2017-06-26 03:44:58'),
(1467, 10, 3, '2017-06-26 03:45:01'),
(1468, 10, 2, '2017-06-26 03:45:05'),
(1469, 6, 1, '2017-06-26 03:47:58'),
(1470, 7, 2, '2017-06-26 03:48:01'),
(1471, 7, 3, '2017-06-26 03:48:04'),
(1472, 6, 1, '2017-06-26 03:48:08'),
(1473, 7, 3, '2017-06-26 17:28:45'),
(1474, 6, 3, '2017-06-26 17:28:49'),
(1475, 3, 2, '2017-06-26 17:29:23'),
(1476, 3, 3, '2017-06-26 17:29:27'),
(1477, 3, 2, '2017-06-26 17:29:32'),
(1478, 3, 1, '2017-06-26 17:29:37'),
(1479, 6, 1, '2017-06-26 17:42:46'),
(1480, 7, 2, '2017-06-26 17:42:50'),
(1481, 6, 3, '2017-06-26 17:42:54'),
(1482, 6, 2, '2017-06-26 17:42:59'),
(1483, 6, 3, '2017-06-26 17:50:03'),
(1484, 6, 2, '2017-06-26 17:50:11'),
(1485, 6, 2, '2017-06-26 15:34:03'),
(1486, 3, 2, '2017-06-26 21:32:23'),
(1487, 3, 2, '2017-06-26 21:32:27'),
(1488, 9, 2, '2017-06-26 21:50:05'),
(1489, 9, 1, '2017-06-26 21:50:10'),
(1490, 7, 1, '2017-06-26 02:53:06'),
(1491, 6, 2, '2017-06-26 02:53:10'),
(1492, 7, 2, '2017-06-26 02:53:15'),
(1493, 6, 3, '2017-06-27 03:22:28'),
(1494, 7, 1, '2017-06-27 03:41:08'),
(1495, 7, 2, '2017-06-27 03:41:11'),
(1496, 6, 3, '2017-06-27 03:41:15'),
(1497, 7, 2, '2017-06-27 03:41:19'),
(1498, 6, 1, '2017-06-27 03:41:39'),
(1499, 3, 2, '2017-06-27 03:41:42'),
(1500, 3, 3, '2017-06-27 03:41:46'),
(1501, 3, 3, '2017-06-27 03:41:49'),
(1502, 4, 1, '2017-06-27 03:42:35'),
(1503, 4, 2, '2017-06-27 03:42:42'),
(1504, 4, 3, '2017-06-27 03:42:45'),
(1505, 4, 3, '2017-06-27 03:42:49'),
(1506, 6, 1, '2017-06-27 03:43:23'),
(1507, 6, 2, '2017-06-27 03:43:30'),
(1508, 6, 3, '2017-06-27 03:43:34'),
(1509, 6, 2, '2017-06-27 03:43:38'),
(1510, 8, 1, '2017-06-27 03:44:07'),
(1511, 8, 2, '2017-06-27 03:44:11'),
(1512, 8, 3, '2017-06-27 03:44:15'),
(1513, 8, 1, '2017-06-27 03:44:18'),
(1514, 9, 1, '2017-06-27 03:44:30'),
(1515, 9, 2, '2017-06-27 03:44:34'),
(1516, 9, 3, '2017-06-27 03:44:37'),
(1517, 9, 1, '2017-06-27 03:44:40'),
(1518, 10, 1, '2017-06-27 03:44:54'),
(1519, 10, 2, '2017-06-27 03:44:58'),
(1520, 10, 3, '2017-06-27 03:45:01'),
(1521, 10, 2, '2017-06-27 03:45:05'),
(1522, 6, 1, '2017-06-27 03:47:58'),
(1523, 7, 2, '2017-06-27 03:48:01'),
(1524, 7, 3, '2017-06-27 03:48:04'),
(1525, 6, 1, '2017-06-27 03:48:08'),
(1526, 7, 3, '2017-06-27 17:28:45'),
(1527, 6, 3, '2017-06-27 17:28:49'),
(1528, 3, 2, '2017-06-27 17:29:23'),
(1529, 3, 3, '2017-06-27 17:29:27'),
(1530, 3, 2, '2017-06-27 17:29:32'),
(1531, 3, 1, '2017-06-27 17:29:37'),
(1532, 6, 1, '2017-06-27 17:42:46'),
(1533, 7, 2, '2017-06-27 17:42:50'),
(1534, 6, 3, '2017-06-27 17:42:54'),
(1535, 6, 2, '2017-06-27 17:42:59'),
(1536, 6, 3, '2017-06-27 17:50:03'),
(1537, 6, 2, '2017-06-27 17:50:11'),
(1538, 6, 2, '2017-06-27 15:34:03'),
(1539, 3, 2, '2017-06-27 21:32:23'),
(1540, 3, 2, '2017-06-27 21:32:27'),
(1541, 9, 2, '2017-06-27 21:50:05'),
(1542, 9, 1, '2017-06-27 21:50:10'),
(1543, 7, 1, '2017-06-27 02:53:06'),
(1544, 6, 2, '2017-06-27 02:53:10'),
(1545, 7, 2, '2017-06-27 02:53:15'),
(1546, 6, 3, '2017-06-28 03:22:28'),
(1547, 7, 1, '2017-06-28 03:41:08'),
(1548, 7, 2, '2017-06-28 03:41:11'),
(1549, 6, 3, '2017-06-28 03:41:15'),
(1550, 7, 2, '2017-06-28 03:41:19'),
(1551, 6, 1, '2017-06-28 03:41:39'),
(1552, 3, 2, '2017-06-28 03:41:42'),
(1553, 3, 3, '2017-06-28 03:41:46'),
(1554, 3, 3, '2017-06-28 03:41:49'),
(1555, 4, 1, '2017-06-28 03:42:35'),
(1556, 4, 2, '2017-06-28 03:42:42'),
(1557, 4, 3, '2017-06-28 03:42:45'),
(1558, 4, 3, '2017-06-28 03:42:49'),
(1559, 6, 1, '2017-06-28 03:43:23'),
(1560, 6, 2, '2017-06-28 03:43:30'),
(1561, 6, 3, '2017-06-28 03:43:34'),
(1562, 6, 2, '2017-06-28 03:43:38');
INSERT INTO `kepuasan` (`id_kepuasan`, `id_user`, `id_response`, `datetime`) VALUES
(1563, 8, 1, '2017-06-28 03:44:07'),
(1564, 8, 2, '2017-06-28 03:44:11'),
(1565, 8, 3, '2017-06-28 03:44:15'),
(1566, 8, 1, '2017-06-28 03:44:18'),
(1567, 9, 1, '2017-06-28 03:44:30'),
(1568, 9, 2, '2017-06-28 03:44:34'),
(1569, 9, 3, '2017-06-28 03:44:37'),
(1570, 9, 1, '2017-06-28 03:44:40'),
(1571, 10, 1, '2017-06-28 03:44:54'),
(1572, 10, 2, '2017-06-28 03:44:58'),
(1573, 10, 3, '2017-06-28 03:45:01'),
(1574, 10, 2, '2017-06-28 03:45:05'),
(1575, 6, 1, '2017-06-28 03:47:58'),
(1576, 7, 2, '2017-06-28 03:48:01'),
(1577, 7, 3, '2017-06-28 03:48:04'),
(1578, 6, 1, '2017-06-28 03:48:08'),
(1579, 7, 3, '2017-06-28 17:28:45'),
(1580, 6, 3, '2017-06-28 17:28:49'),
(1581, 3, 2, '2017-06-28 17:29:23'),
(1582, 3, 3, '2017-06-28 17:29:27'),
(1583, 3, 2, '2017-06-28 17:29:32'),
(1584, 3, 1, '2017-06-28 17:29:37'),
(1585, 6, 1, '2017-06-28 17:42:46'),
(1586, 7, 2, '2017-06-28 17:42:50'),
(1587, 6, 3, '2017-06-28 17:42:54'),
(1588, 6, 2, '2017-06-28 17:42:59'),
(1589, 6, 3, '2017-06-28 17:50:03'),
(1590, 6, 2, '2017-06-28 17:50:11'),
(1591, 6, 2, '2017-06-28 15:34:03'),
(1592, 3, 2, '2017-06-28 21:32:23'),
(1593, 3, 2, '2017-06-28 21:32:27'),
(1594, 9, 2, '2017-06-28 21:50:05'),
(1595, 9, 1, '2017-06-28 21:50:10'),
(1596, 7, 1, '2017-06-28 02:53:06'),
(1597, 6, 2, '2017-06-28 02:53:10'),
(1598, 7, 2, '2017-06-28 02:53:15'),
(1599, 6, 3, '2017-06-29 03:22:28'),
(1600, 7, 1, '2017-06-29 03:41:08'),
(1601, 7, 2, '2017-06-29 03:41:11'),
(1602, 6, 3, '2017-06-29 03:41:15'),
(1603, 7, 2, '2017-06-29 03:41:19'),
(1604, 6, 1, '2017-06-29 03:41:39'),
(1605, 3, 2, '2017-06-29 03:41:42'),
(1606, 3, 3, '2017-06-29 03:41:46'),
(1607, 3, 3, '2017-06-29 03:41:49'),
(1608, 4, 1, '2017-06-29 03:42:35'),
(1609, 4, 2, '2017-06-29 03:42:42'),
(1610, 4, 3, '2017-06-29 03:42:45'),
(1611, 4, 3, '2017-06-29 03:42:49'),
(1612, 6, 1, '2017-06-29 03:43:23'),
(1613, 6, 2, '2017-06-29 03:43:30'),
(1614, 6, 3, '2017-06-29 03:43:34'),
(1615, 6, 2, '2017-06-29 03:43:38'),
(1616, 8, 1, '2017-06-29 03:44:07'),
(1617, 8, 2, '2017-06-29 03:44:11'),
(1618, 8, 3, '2017-06-29 03:44:15'),
(1619, 8, 1, '2017-06-29 03:44:18'),
(1620, 9, 1, '2017-06-29 03:44:30'),
(1621, 9, 2, '2017-06-29 03:44:34'),
(1622, 9, 3, '2017-06-29 03:44:37'),
(1623, 9, 1, '2017-06-29 03:44:40'),
(1624, 10, 1, '2017-06-29 03:44:54'),
(1625, 10, 2, '2017-06-29 03:44:58'),
(1626, 10, 3, '2017-06-29 03:45:01'),
(1627, 10, 2, '2017-06-29 03:45:05'),
(1628, 6, 1, '2017-06-29 03:47:58'),
(1629, 7, 2, '2017-06-29 03:48:01'),
(1630, 7, 3, '2017-06-29 03:48:04'),
(1631, 6, 1, '2017-06-29 03:48:08'),
(1632, 7, 3, '2017-06-29 17:28:45'),
(1633, 6, 3, '2017-06-29 17:28:49'),
(1634, 3, 2, '2017-06-29 17:29:23'),
(1635, 3, 3, '2017-06-29 17:29:27'),
(1636, 3, 2, '2017-06-29 17:29:32'),
(1637, 3, 1, '2017-06-29 17:29:37'),
(1638, 6, 1, '2017-06-29 17:42:46'),
(1639, 7, 2, '2017-06-29 17:42:50'),
(1640, 6, 3, '2017-06-29 17:42:54'),
(1641, 6, 2, '2017-06-29 17:42:59'),
(1642, 6, 3, '2017-06-29 17:50:03'),
(1643, 6, 2, '2017-06-29 17:50:11'),
(1644, 6, 2, '2017-06-29 15:34:03'),
(1645, 3, 2, '2017-06-29 21:32:23'),
(1646, 3, 2, '2017-06-29 21:32:27'),
(1647, 9, 2, '2017-06-29 21:50:05'),
(1648, 9, 1, '2017-06-29 21:50:10'),
(1649, 7, 1, '2017-06-29 02:53:06'),
(1650, 6, 2, '2017-06-29 02:53:10'),
(1651, 7, 2, '2017-06-29 02:53:15'),
(1652, 6, 3, '2017-06-30 03:22:28'),
(1653, 7, 1, '2017-06-30 03:41:08'),
(1654, 7, 2, '2017-06-30 03:41:11'),
(1655, 6, 3, '2017-06-30 03:41:15'),
(1656, 7, 2, '2017-06-30 03:41:19'),
(1657, 6, 1, '2017-06-30 03:41:39'),
(1658, 3, 2, '2017-06-30 03:41:42'),
(1659, 3, 3, '2017-06-30 03:41:46'),
(1660, 3, 3, '2017-06-30 03:41:49'),
(1661, 4, 1, '2017-06-30 03:42:35'),
(1662, 4, 2, '2017-06-30 03:42:42'),
(1663, 4, 3, '2017-06-30 03:42:45'),
(1664, 4, 3, '2017-06-30 03:42:49'),
(1665, 6, 1, '2017-06-30 03:43:23'),
(1666, 6, 2, '2017-06-30 03:43:30'),
(1667, 6, 3, '2017-06-30 03:43:34'),
(1668, 6, 2, '2017-06-30 03:43:38'),
(1669, 8, 1, '2017-06-30 03:44:07'),
(1670, 8, 2, '2017-06-30 03:44:11'),
(1671, 8, 3, '2017-06-30 03:44:15'),
(1672, 8, 1, '2017-06-30 03:44:18'),
(1673, 9, 1, '2017-06-30 03:44:30'),
(1674, 9, 2, '2017-06-30 03:44:34'),
(1675, 9, 3, '2017-06-30 03:44:37'),
(1676, 9, 1, '2017-06-30 03:44:40'),
(1677, 10, 1, '2017-06-30 03:44:54'),
(1678, 10, 2, '2017-06-30 03:44:58'),
(1679, 10, 3, '2017-06-30 03:45:01'),
(1680, 10, 2, '2017-06-30 03:45:05'),
(1681, 6, 1, '2017-06-30 03:47:58'),
(1682, 7, 2, '2017-06-30 03:48:01'),
(1683, 7, 3, '2017-06-30 03:48:04'),
(1684, 6, 1, '2017-06-30 03:48:08'),
(1685, 7, 3, '2017-06-30 17:28:45'),
(1686, 6, 3, '2017-06-30 17:28:49'),
(1687, 3, 2, '2017-06-30 17:29:23'),
(1688, 3, 3, '2017-06-30 17:29:27'),
(1689, 3, 2, '2017-06-30 17:29:32'),
(1690, 3, 1, '2017-06-30 17:29:37'),
(1691, 6, 1, '2017-06-30 17:42:46'),
(1692, 7, 2, '2017-06-30 17:42:50'),
(1693, 6, 3, '2017-06-30 17:42:54'),
(1694, 6, 2, '2017-06-30 17:42:59'),
(1695, 6, 3, '2017-06-30 17:50:03'),
(1696, 6, 2, '2017-06-30 17:50:11'),
(1697, 6, 2, '2017-06-30 15:34:03'),
(1698, 3, 2, '2017-06-30 21:32:23'),
(1699, 3, 2, '2017-06-30 21:32:27'),
(1700, 9, 2, '2017-06-30 21:50:05'),
(1701, 9, 1, '2017-06-30 21:50:10'),
(1702, 7, 1, '2017-06-30 02:53:06'),
(1703, 6, 2, '2017-06-30 02:53:10'),
(1704, 7, 2, '2017-06-30 02:53:15');

-- --------------------------------------------------------

--
-- Table structure for table `nama`
--

CREATE TABLE `nama` (
  `id` int(11) NOT NULL,
  `nama` varchar(255) DEFAULT NULL
) ENGINE=InnoDB DEFAULT CHARSET=latin1;

--
-- Dumping data for table `nama`
--

INSERT INTO `nama` (`id`, `nama`) VALUES
(1, 'Codeigniter'),
(2, 'Zend'),
(3, 'kohana'),
(4, 'yii'),
(5, 'silex'),
(6, 'slim'),
(7, 'Symponhy'),
(8, 'laravel'),
(9, 'nette');

-- --------------------------------------------------------

--
-- Table structure for table `poll`
--

CREATE TABLE `poll` (
  `id` int(11) DEFAULT NULL,
  `id_fr` int(11) DEFAULT NULL
) ENGINE=InnoDB DEFAULT CHARSET=latin1;

--
-- Dumping data for table `poll`
--

INSERT INTO `poll` (`id`, `id_fr`) VALUES
(NULL, 4),
(NULL, 9),
(NULL, 0),
(NULL, 0),
(NULL, 4),
(NULL, 0),
(NULL, 0),
(NULL, 0),
(NULL, 0),
(NULL, 8),
(NULL, 6),
(NULL, 6),
(NULL, 1),
(NULL, 1),
(NULL, 0),
(NULL, 0),
(NULL, 0),
(NULL, 0),
(NULL, 0),
(NULL, 9),
(NULL, 9),
(NULL, 9),
(NULL, 9),
(NULL, 9),
(NULL, 9),
(NULL, 9),
(NULL, 9),
(NULL, 9),
(NULL, 9),
(NULL, 9),
(NULL, 9),
(NULL, 9),
(NULL, 5),
(NULL, 6),
(NULL, 6),
(NULL, 7),
(NULL, 9),
(NULL, 0),
(NULL, 9),
(NULL, 0),
(NULL, 0),
(NULL, 0),
(NULL, 0),
(NULL, 9),
(NULL, 9),
(NULL, 8),
(NULL, 8),
(NULL, 0),
(NULL, 0),
(NULL, 0),
(NULL, 0),
(NULL, 0),
(NULL, 0),
(NULL, 0),
(NULL, 0),
(NULL, 0),
(NULL, 8),
(NULL, 8),
(NULL, 8),
(NULL, 1),
(NULL, 0),
(NULL, 1),
(NULL, 1),
(NULL, 1),
(NULL, 1),
(NULL, 1),
(NULL, 1),
(NULL, 1),
(NULL, 3),
(NULL, 3),
(NULL, 4),
(NULL, 1),
(NULL, 1),
(NULL, 1),
(NULL, 0),
(NULL, 3),
(NULL, 3),
(NULL, 3),
(NULL, 3),
(NULL, 3),
(NULL, 3),
(NULL, 3),
(NULL, 3),
(NULL, 3),
(NULL, 3),
(NULL, 4),
(NULL, 4),
(NULL, 4),
(NULL, 7),
(NULL, 7),
(NULL, 0),
(NULL, 0),
(NULL, 2),
(NULL, 0),
(NULL, 0),
(NULL, 1),
(NULL, 1),
(NULL, 4),
(NULL, 4),
(NULL, 4),
(NULL, 5),
(NULL, 4),
(NULL, 1),
(NULL, 2),
(NULL, 2),
(NULL, 2),
(NULL, 0),
(NULL, 9),
(NULL, 9),
(NULL, 1);

-- --------------------------------------------------------

--
-- Table structure for table `response`
--

CREATE TABLE `response` (
  `id_response` int(11) NOT NULL,
  `response` varchar(20) NOT NULL
) ENGINE=InnoDB DEFAULT CHARSET=latin1;

--
-- Dumping data for table `response`
--

INSERT INTO `response` (`id_response`, `response`) VALUES
(1, 'Sangat Puas'),
(2, 'Puas'),
(3, 'Cukup'),
(4, 'Tidak Puas');

-- --------------------------------------------------------

--
-- Table structure for table `user`
--

CREATE TABLE `user` (
  `id_user` int(11) NOT NULL,
  `level` int(11) NOT NULL,
  `id_divisi` int(11) NOT NULL,
  `username` varchar(50) NOT NULL,
  `password` text NOT NULL
) ENGINE=InnoDB DEFAULT CHARSET=latin1;

--
-- Dumping data for table `user`
--

INSERT INTO `user` (`id_user`, `level`, `id_divisi`, `username`, `password`) VALUES
(1, 0, 1, 'admin', '21232f297a57a5a743894a0e4a801fc3'),
(2, 1, 1, 'loket1', 'c479efa5391ffd6532615543039ce411'),
(3, 1, 2, 'loket2', '0a69b232dfcc1fe90226e12e4a509f28'),
(4, 1, 3, 'loket3', '15d848a70e9bc0b628a895b7b2634914'),
(6, 1, 4, 'loket4', '249dc06efbc3e5e0e229cab73480347d'),
(7, 1, 5, 'loket5', '0a7f4a82326114f1ed52573e4b3220e8'),
(8, 1, 6, 'loket6', '3f5b2810ea07a826da08e9cceedb845b'),
(9, 1, 7, 'loket7', '86887025abd07e9484538a025b26fa73'),
(10, 1, 8, 'loket8', '8c5a52f4b187173b2114349c91aaf8a1');

-- --------------------------------------------------------

--
-- Stand-in structure for view `v_kepuasan_cs`
-- (See below for the actual view)
--
CREATE TABLE `v_kepuasan_cs` (
`id_cs` int(11)
,`nama_cs` varchar(50)
,`divisi` varchar(255)
,`sangat_puas` bigint(21)
,`puas` bigint(21)
,`cukup` bigint(21)
,`tidak_puas` bigint(21)
);

-- --------------------------------------------------------

--
-- Stand-in structure for view `v_kepuasan_div`
-- (See below for the actual view)
--
CREATE TABLE `v_kepuasan_div` (
`id_divisi` int(11)
,`divisi` varchar(255)
,`sangat_puas` bigint(21)
,`puas` bigint(21)
,`cukup` bigint(21)
,`tidak_puas` bigint(21)
,`datetime` datetime
);

-- --------------------------------------------------------

--
-- Structure for view `v_kepuasan_cs`
--
DROP TABLE IF EXISTS `v_kepuasan_cs`;

CREATE ALGORITHM=UNDEFINED DEFINER=`root`@`localhost` SQL SECURITY DEFINER VIEW `v_kepuasan_cs`  AS  select `user`.`id_user` AS `id_cs`,`user`.`username` AS `nama_cs`,`divisi`.`nama_divisi` AS `divisi`,count(if((`kepuasan`.`id_response` = 1),`kepuasan`.`id_response`,NULL)) AS `sangat_puas`,count(if((`kepuasan`.`id_response` = 2),`kepuasan`.`id_response`,NULL)) AS `puas`,count(if((`kepuasan`.`id_response` = 3),`kepuasan`.`id_response`,NULL)) AS `cukup`,count(if((`kepuasan`.`id_response` = 4),`kepuasan`.`id_response`,NULL)) AS `tidak_puas` from (((`user` join `divisi` on((`user`.`id_divisi` = `divisi`.`id_divisi`))) join `kepuasan` on((`user`.`id_user` = `kepuasan`.`id_user`))) join `response` on((`kepuasan`.`id_response` = `response`.`id_response`))) group by `user`.`username` order by `divisi`.`nama_divisi` ;

-- --------------------------------------------------------

--
-- Structure for view `v_kepuasan_div`
--
DROP TABLE IF EXISTS `v_kepuasan_div`;

CREATE ALGORITHM=UNDEFINED DEFINER=`root`@`localhost` SQL SECURITY DEFINER VIEW `v_kepuasan_div`  AS  select `divisi`.`id_divisi` AS `id_divisi`,`divisi`.`nama_divisi` AS `divisi`,count(if((`kepuasan`.`id_response` = 1),`kepuasan`.`id_response`,NULL)) AS `sangat_puas`,count(if((`kepuasan`.`id_response` = 2),`kepuasan`.`id_response`,NULL)) AS `puas`,count(if((`kepuasan`.`id_response` = 3),`kepuasan`.`id_response`,NULL)) AS `cukup`,count(if((`kepuasan`.`id_response` = 4),`kepuasan`.`id_response`,NULL)) AS `tidak_puas`,`kepuasan`.`datetime` AS `datetime` from (((`user` join `divisi` on((`user`.`id_divisi` = `divisi`.`id_divisi`))) join `kepuasan` on((`user`.`id_user` = `kepuasan`.`id_user`))) join `response` on((`kepuasan`.`id_response` = `response`.`id_response`))) group by `user`.`id_divisi` order by `divisi`.`nama_divisi` ;

--
-- Indexes for dumped tables
--

--
-- Indexes for table `divisi`
--
ALTER TABLE `divisi`
  ADD PRIMARY KEY (`id_divisi`);

--
-- Indexes for table `kepuasan`
--
ALTER TABLE `kepuasan`
  ADD PRIMARY KEY (`id_kepuasan`);

--
-- Indexes for table `nama`
--
ALTER TABLE `nama`
  ADD PRIMARY KEY (`id`);

--
-- Indexes for table `response`
--
ALTER TABLE `response`
  ADD PRIMARY KEY (`id_response`);

--
-- Indexes for table `user`
--
ALTER TABLE `user`
  ADD PRIMARY KEY (`id_user`);

--
-- AUTO_INCREMENT for dumped tables
--

--
-- AUTO_INCREMENT for table `kepuasan`
--
ALTER TABLE `kepuasan`
  MODIFY `id_kepuasan` int(11) NOT NULL AUTO_INCREMENT, AUTO_INCREMENT=1705;
--
-- AUTO_INCREMENT for table `nama`
--
ALTER TABLE `nama`
  MODIFY `id` int(11) NOT NULL AUTO_INCREMENT, AUTO_INCREMENT=10;
--
-- AUTO_INCREMENT for table `user`
--
ALTER TABLE `user`
  MODIFY `id_user` int(11) NOT NULL AUTO_INCREMENT, AUTO_INCREMENT=11;COMMIT;

/*!40101 SET CHARACTER_SET_CLIENT=@OLD_CHARACTER_SET_CLIENT */;
/*!40101 SET CHARACTER_SET_RESULTS=@OLD_CHARACTER_SET_RESULTS */;
/*!40101 SET COLLATION_CONNECTION=@OLD_COLLATION_CONNECTION */;
